Sample in Buffer,Sample in Window,TRIGGER,data1[3:0],data2[3:0],data3[3:0]
Radix - UNSIGNED,UNSIGNED,UNSIGNED,HEX,HEX,HEX
0,0,1,1,2,3
1,1,0,1,2,3
2,2,0,1,2,3
3,3,0,1,2,3
4,4,0,1,2,3
5,5,0,1,2,3
6,6,0,1,2,3
7,7,0,1,2,3
8,8,0,1,2,3
9,9,0,1,2,3
10,10,0,1,2,3
11,11,0,1,2,3
12,12,0,1,2,3
13,13,0,1,2,3
14,14,0,1,2,3
15,15,0,1,2,3
16,16,0,1,2,3
17,17,0,1,2,3
18,18,0,1,2,3
19,19,0,1,2,3
20,20,0,1,2,3
21,21,0,1,2,3
22,22,0,1,2,3
23,23,0,1,2,3
24,24,0,1,2,3
25,25,0,1,2,3
26,26,0,1,2,3
27,27,0,1,2,3
28,28,0,1,2,3
29,29,0,1,2,3
30,30,0,1,2,3
31,31,0,1,2,3
32,32,0,1,2,3
33,33,0,1,2,3
34,34,0,1,2,3
35,35,0,1,2,3
36,36,0,1,2,3
37,37,0,1,2,3
38,38,0,1,2,3
39,39,0,1,2,3
40,40,0,1,2,3
41,41,0,1,2,3
42,42,0,1,2,3
43,43,0,1,2,3
44,44,0,1,2,3
45,45,0,1,2,3
46,46,0,1,2,3
47,47,0,1,2,3
48,48,0,1,2,3
49,49,0,1,2,3
50,50,0,1,2,3
51,51,0,1,2,3
52,52,0,1,2,3
53,53,0,1,2,3
54,54,0,1,2,3
55,55,0,1,2,3
56,56,0,1,2,3
57,57,0,1,2,3
58,58,0,1,2,3
59,59,0,1,2,3
60,60,0,1,2,3
61,61,0,1,2,3
62,62,0,1,2,3
63,63,0,1,2,3
64,64,0,1,2,3
65,65,0,1,2,3
66,66,0,1,2,3
67,67,0,1,2,3
68,68,0,1,2,3
69,69,0,1,2,3
70,70,0,1,2,3
71,71,0,1,2,3
72,72,0,1,2,3
73,73,0,1,2,3
74,74,0,1,2,3
75,75,0,1,2,3
76,76,0,1,2,3
77,77,0,1,2,3
78,78,0,1,2,3
79,79,0,1,2,3
80,80,0,1,2,3
81,81,0,1,2,3
82,82,0,1,2,3
83,83,0,1,2,3
84,84,0,1,2,3
85,85,0,1,2,3
86,86,0,1,2,3
87,87,0,1,2,3
88,88,0,1,2,3
89,89,0,1,2,3
90,90,0,1,2,3
91,91,0,1,2,3
92,92,0,1,2,3
93,93,0,1,2,3
94,94,0,1,2,3
95,95,0,1,2,3
96,96,0,1,2,3
97,97,0,1,2,3
98,98,0,1,2,3
99,99,0,1,2,3
100,100,0,1,2,3
101,101,0,1,2,3
102,102,0,1,2,3
103,103,0,1,2,3
104,104,0,1,2,3
105,105,0,1,2,3
106,106,0,1,2,3
107,107,0,1,2,3
108,108,0,1,2,3
109,109,0,1,2,3
110,110,0,1,2,3
111,111,0,1,2,3
112,112,0,1,2,3
113,113,0,1,2,3
114,114,0,1,2,3
115,115,0,1,2,3
116,116,0,1,2,3
117,117,0,1,2,3
118,118,0,1,2,3
119,119,0,1,2,3
120,120,0,1,2,3
121,121,0,1,2,3
122,122,0,1,2,3
123,123,0,1,2,3
124,124,0,1,2,3
125,125,0,1,2,3
126,126,0,1,2,3
127,127,0,1,2,3
128,128,0,1,2,3
129,129,0,1,2,3
130,130,0,1,2,3
131,131,0,1,2,3
132,132,0,1,2,3
133,133,0,1,2,3
134,134,0,1,2,3
135,135,0,1,2,3
136,136,0,1,2,3
137,137,0,1,2,3
138,138,0,1,2,3
139,139,0,1,2,3
140,140,0,1,2,3
141,141,0,1,2,3
142,142,0,1,2,3
143,143,0,1,2,3
144,144,0,1,2,3
145,145,0,1,2,3
146,146,0,1,2,3
147,147,0,1,2,3
148,148,0,1,2,3
149,149,0,1,2,3
150,150,0,1,2,3
151,151,0,1,2,3
152,152,0,1,2,3
153,153,0,1,2,3
154,154,0,1,2,3
155,155,0,1,2,3
156,156,0,1,2,3
157,157,0,1,2,3
158,158,0,1,2,3
159,159,0,1,2,3
160,160,0,1,2,3
161,161,0,1,2,3
162,162,0,1,2,3
163,163,0,1,2,3
164,164,0,1,2,3
165,165,0,1,2,3
166,166,0,1,2,3
167,167,0,1,2,3
168,168,0,1,2,3
169,169,0,1,2,3
170,170,0,1,2,3
171,171,0,1,2,3
172,172,0,1,2,3
173,173,0,1,2,3
174,174,0,1,2,3
175,175,0,1,2,3
176,176,0,1,2,3
177,177,0,1,2,3
178,178,0,1,2,3
179,179,0,1,2,3
180,180,0,1,2,3
181,181,0,1,2,3
182,182,0,1,2,3
183,183,0,1,2,3
184,184,0,1,2,3
185,185,0,1,2,3
186,186,0,1,2,3
187,187,0,1,2,3
188,188,0,1,2,3
189,189,0,1,2,3
190,190,0,1,2,3
191,191,0,1,2,3
192,192,0,1,2,3
193,193,0,1,2,3
194,194,0,1,2,3
195,195,0,1,2,3
196,196,0,1,2,3
197,197,0,1,2,3
198,198,0,1,2,3
199,199,0,1,2,3
200,200,0,1,2,3
201,201,0,1,2,3
202,202,0,1,2,3
203,203,0,1,2,3
204,204,0,1,2,3
205,205,0,1,2,3
206,206,0,1,2,3
207,207,0,1,2,3
208,208,0,1,2,3
209,209,0,1,2,3
210,210,0,1,2,3
211,211,0,1,2,3
212,212,0,1,2,3
213,213,0,1,2,3
214,214,0,1,2,3
215,215,0,1,2,3
216,216,0,1,2,3
217,217,0,1,2,3
218,218,0,1,2,3
219,219,0,1,2,3
220,220,0,1,2,3
221,221,0,1,2,3
222,222,0,1,2,3
223,223,0,1,2,3
224,224,0,1,2,3
225,225,0,1,2,3
226,226,0,1,2,3
227,227,0,1,2,3
228,228,0,1,2,3
229,229,0,1,2,3
230,230,0,1,2,3
231,231,0,1,2,3
232,232,0,1,2,3
233,233,0,1,2,3
234,234,0,1,2,3
235,235,0,1,2,3
236,236,0,1,2,3
237,237,0,1,2,3
238,238,0,1,2,3
239,239,0,1,2,3
240,240,0,1,2,3
241,241,0,1,2,3
242,242,0,1,2,3
243,243,0,1,2,3
244,244,0,1,2,3
245,245,0,1,2,3
246,246,0,1,2,3
247,247,0,1,2,3
248,248,0,1,2,3
249,249,0,1,2,3
250,250,0,1,2,3
251,251,0,1,2,3
252,252,0,1,2,3
253,253,0,1,2,3
254,254,0,1,2,3
255,255,0,1,2,3
256,256,0,1,2,3
257,257,0,1,2,3
258,258,0,1,2,3
259,259,0,1,2,3
260,260,0,1,2,3
261,261,0,1,2,3
262,262,0,1,2,3
263,263,0,1,2,3
264,264,0,1,2,3
265,265,0,1,2,3
266,266,0,1,2,3
267,267,0,1,2,3
268,268,0,1,2,3
269,269,0,1,2,3
270,270,0,1,2,3
271,271,0,1,2,3
272,272,0,1,2,3
273,273,0,1,2,3
274,274,0,1,2,3
275,275,0,1,2,3
276,276,0,1,2,3
277,277,0,1,2,3
278,278,0,1,2,3
279,279,0,1,2,3
280,280,0,1,2,3
281,281,0,1,2,3
282,282,0,1,2,3
283,283,0,1,2,3
284,284,0,1,2,3
285,285,0,1,2,3
286,286,0,1,2,3
287,287,0,1,2,3
288,288,0,1,2,3
289,289,0,1,2,3
290,290,0,1,2,3
291,291,0,1,2,3
292,292,0,1,2,3
293,293,0,1,2,3
294,294,0,1,2,3
295,295,0,1,2,3
296,296,0,1,2,3
297,297,0,1,2,3
298,298,0,1,2,3
299,299,0,1,2,3
300,300,0,1,2,3
301,301,0,1,2,3
302,302,0,1,2,3
303,303,0,1,2,3
304,304,0,1,2,3
305,305,0,1,2,3
306,306,0,1,2,3
307,307,0,1,2,3
308,308,0,1,2,3
309,309,0,1,2,3
310,310,0,1,2,3
311,311,0,1,2,3
312,312,0,1,2,3
313,313,0,1,2,3
314,314,0,1,2,3
315,315,0,1,2,3
316,316,0,1,2,3
317,317,0,1,2,3
318,318,0,1,2,3
319,319,0,1,2,3
320,320,0,1,2,3
321,321,0,1,2,3
322,322,0,1,2,3
323,323,0,1,2,3
324,324,0,1,2,3
325,325,0,1,2,3
326,326,0,1,2,3
327,327,0,1,2,3
328,328,0,1,2,3
329,329,0,1,2,3
330,330,0,1,2,3
331,331,0,1,2,3
332,332,0,1,2,3
333,333,0,1,2,3
334,334,0,1,2,3
335,335,0,1,2,3
336,336,0,1,2,3
337,337,0,1,2,3
338,338,0,1,2,3
339,339,0,1,2,3
340,340,0,1,2,3
341,341,0,1,2,3
342,342,0,1,2,3
343,343,0,1,2,3
344,344,0,1,2,3
345,345,0,1,2,3
346,346,0,1,2,3
347,347,0,1,2,3
348,348,0,1,2,3
349,349,0,1,2,3
350,350,0,1,2,3
351,351,0,1,2,3
352,352,0,1,2,3
353,353,0,1,2,3
354,354,0,1,2,3
355,355,0,1,2,3
356,356,0,1,2,3
357,357,0,1,2,3
358,358,0,1,2,3
359,359,0,1,2,3
360,360,0,1,2,3
361,361,0,1,2,3
362,362,0,1,2,3
363,363,0,1,2,3
364,364,0,1,2,3
365,365,0,1,2,3
366,366,0,1,2,3
367,367,0,1,2,3
368,368,0,1,2,3
369,369,0,1,2,3
370,370,0,1,2,3
371,371,0,1,2,3
372,372,0,1,2,3
373,373,0,1,2,3
374,374,0,1,2,3
375,375,0,1,2,3
376,376,0,1,2,3
377,377,0,1,2,3
378,378,0,1,2,3
379,379,0,1,2,3
380,380,0,1,2,3
381,381,0,1,2,3
382,382,0,1,2,3
383,383,0,1,2,3
384,384,0,1,2,3
385,385,0,1,2,3
386,386,0,1,2,3
387,387,0,1,2,3
388,388,0,1,2,3
389,389,0,1,2,3
390,390,0,1,2,3
391,391,0,1,2,3
392,392,0,1,2,3
393,393,0,1,2,3
394,394,0,1,2,3
395,395,0,1,2,3
396,396,0,1,2,3
397,397,0,1,2,3
398,398,0,1,2,3
399,399,0,1,2,3
400,400,0,1,2,3
401,401,0,1,2,3
402,402,0,1,2,3
403,403,0,1,2,3
404,404,0,1,2,3
405,405,0,1,2,3
406,406,0,1,2,3
407,407,0,1,2,3
408,408,0,1,2,3
409,409,0,1,2,3
410,410,0,1,2,3
411,411,0,1,2,3
412,412,0,1,2,3
413,413,0,1,2,3
414,414,0,1,2,3
415,415,0,1,2,3
416,416,0,1,2,3
417,417,0,1,2,3
418,418,0,1,2,3
419,419,0,1,2,3
420,420,0,1,2,3
421,421,0,1,2,3
422,422,0,1,2,3
423,423,0,1,2,3
424,424,0,1,2,3
425,425,0,1,2,3
426,426,0,1,2,3
427,427,0,1,2,3
428,428,0,1,2,3
429,429,0,1,2,3
430,430,0,1,2,3
431,431,0,1,2,3
432,432,0,1,2,3
433,433,0,1,2,3
434,434,0,1,2,3
435,435,0,1,2,3
436,436,0,1,2,3
437,437,0,1,2,3
438,438,0,1,2,3
439,439,0,1,2,3
440,440,0,1,2,3
441,441,0,1,2,3
442,442,0,1,2,3
443,443,0,1,2,3
444,444,0,1,2,3
445,445,0,1,2,3
446,446,0,1,2,3
447,447,0,1,2,3
448,448,0,1,2,3
449,449,0,1,2,3
450,450,0,1,2,3
451,451,0,1,2,3
452,452,0,1,2,3
453,453,0,1,2,3
454,454,0,1,2,3
455,455,0,1,2,3
456,456,0,1,2,3
457,457,0,1,2,3
458,458,0,1,2,3
459,459,0,1,2,3
460,460,0,1,2,3
461,461,0,1,2,3
462,462,0,1,2,3
463,463,0,1,2,3
464,464,0,1,2,3
465,465,0,1,2,3
466,466,0,1,2,3
467,467,0,1,2,3
468,468,0,1,2,3
469,469,0,1,2,3
470,470,0,1,2,3
471,471,0,1,2,3
472,472,0,1,2,3
473,473,0,1,2,3
474,474,0,1,2,3
475,475,0,1,2,3
476,476,0,1,2,3
477,477,0,1,2,3
478,478,0,1,2,3
479,479,0,1,2,3
480,480,0,1,2,3
481,481,0,1,2,3
482,482,0,1,2,3
483,483,0,1,2,3
484,484,0,1,2,3
485,485,0,1,2,3
486,486,0,1,2,3
487,487,0,1,2,3
488,488,0,1,2,3
489,489,0,1,2,3
490,490,0,1,2,3
491,491,0,1,2,3
492,492,0,1,2,3
493,493,0,1,2,3
494,494,0,1,2,3
495,495,0,1,2,3
496,496,0,1,2,3
497,497,0,1,2,3
498,498,0,1,2,3
499,499,0,1,2,3
500,500,0,1,2,3
501,501,0,1,2,3
502,502,0,1,2,3
503,503,0,1,2,3
504,504,0,1,2,3
505,505,0,1,2,3
506,506,0,1,2,3
507,507,0,1,2,3
508,508,0,1,2,3
509,509,0,1,2,3
510,510,0,1,2,3
511,511,0,1,2,3
512,512,0,1,2,3
513,513,0,1,2,3
514,514,0,1,2,3
515,515,0,1,2,3
516,516,0,1,2,3
517,517,0,1,2,3
518,518,0,1,2,3
519,519,0,1,2,3
520,520,0,1,2,3
521,521,0,1,2,3
522,522,0,1,2,3
523,523,0,1,2,3
524,524,0,1,2,3
525,525,0,1,2,3
526,526,0,1,2,3
527,527,0,1,2,3
528,528,0,1,2,3
529,529,0,1,2,3
530,530,0,1,2,3
531,531,0,1,2,3
532,532,0,1,2,3
533,533,0,1,2,3
534,534,0,1,2,3
535,535,0,1,2,3
536,536,0,1,2,3
537,537,0,1,2,3
538,538,0,1,2,3
539,539,0,1,2,3
540,540,0,1,2,3
541,541,0,1,2,3
542,542,0,1,2,3
543,543,0,1,2,3
544,544,0,1,2,3
545,545,0,1,2,3
546,546,0,1,2,3
547,547,0,1,2,3
548,548,0,1,2,3
549,549,0,1,2,3
550,550,0,1,2,3
551,551,0,1,2,3
552,552,0,1,2,3
553,553,0,1,2,3
554,554,0,1,2,3
555,555,0,1,2,3
556,556,0,1,2,3
557,557,0,1,2,3
558,558,0,1,2,3
559,559,0,1,2,3
560,560,0,1,2,3
561,561,0,1,2,3
562,562,0,1,2,3
563,563,0,1,2,3
564,564,0,1,2,3
565,565,0,1,2,3
566,566,0,1,2,3
567,567,0,1,2,3
568,568,0,1,2,3
569,569,0,1,2,3
570,570,0,1,2,3
571,571,0,1,2,3
572,572,0,1,2,3
573,573,0,1,2,3
574,574,0,1,2,3
575,575,0,1,2,3
576,576,0,1,2,3
577,577,0,1,2,3
578,578,0,1,2,3
579,579,0,1,2,3
580,580,0,1,2,3
581,581,0,1,2,3
582,582,0,1,2,3
583,583,0,1,2,3
584,584,0,1,2,3
585,585,0,1,2,3
586,586,0,1,2,3
587,587,0,1,2,3
588,588,0,1,2,3
589,589,0,1,2,3
590,590,0,1,2,3
591,591,0,1,2,3
592,592,0,1,2,3
593,593,0,1,2,3
594,594,0,1,2,3
595,595,0,1,2,3
596,596,0,1,2,3
597,597,0,1,2,3
598,598,0,1,2,3
599,599,0,1,2,3
600,600,0,1,2,3
601,601,0,1,2,3
602,602,0,1,2,3
603,603,0,1,2,3
604,604,0,1,2,3
605,605,0,1,2,3
606,606,0,1,2,3
607,607,0,1,2,3
608,608,0,1,2,3
609,609,0,1,2,3
610,610,0,1,2,3
611,611,0,1,2,3
612,612,0,1,2,3
613,613,0,1,2,3
614,614,0,1,2,3
615,615,0,1,2,3
616,616,0,1,2,3
617,617,0,1,2,3
618,618,0,1,2,3
619,619,0,1,2,3
620,620,0,1,2,3
621,621,0,1,2,3
622,622,0,1,2,3
623,623,0,1,2,3
624,624,0,1,2,3
625,625,0,1,2,3
626,626,0,1,2,3
627,627,0,1,2,3
628,628,0,1,2,3
629,629,0,1,2,3
630,630,0,1,2,3
631,631,0,1,2,3
632,632,0,1,2,3
633,633,0,1,2,3
634,634,0,1,2,3
635,635,0,1,2,3
636,636,0,1,2,3
637,637,0,1,2,3
638,638,0,1,2,3
639,639,0,1,2,3
640,640,0,1,2,3
641,641,0,1,2,3
642,642,0,1,2,3
643,643,0,1,2,3
644,644,0,1,2,3
645,645,0,1,2,3
646,646,0,1,2,3
647,647,0,1,2,3
648,648,0,1,2,3
649,649,0,1,2,3
650,650,0,1,2,3
651,651,0,1,2,3
652,652,0,1,2,3
653,653,0,1,2,3
654,654,0,1,2,3
655,655,0,1,2,3
656,656,0,1,2,3
657,657,0,1,2,3
658,658,0,1,2,3
659,659,0,1,2,3
660,660,0,1,2,3
661,661,0,1,2,3
662,662,0,1,2,3
663,663,0,1,2,3
664,664,0,1,2,3
665,665,0,1,2,3
666,666,0,1,2,3
667,667,0,1,2,3
668,668,0,1,2,3
669,669,0,1,2,3
670,670,0,1,2,3
671,671,0,1,2,3
672,672,0,1,2,3
673,673,0,1,2,3
674,674,0,1,2,3
675,675,0,1,2,3
676,676,0,1,2,3
677,677,0,1,2,3
678,678,0,1,2,3
679,679,0,1,2,3
680,680,0,1,2,3
681,681,0,1,2,3
682,682,0,1,2,3
683,683,0,1,2,3
684,684,0,1,2,3
685,685,0,1,2,3
686,686,0,1,2,3
687,687,0,1,2,3
688,688,0,1,2,3
689,689,0,1,2,3
690,690,0,1,2,3
691,691,0,1,2,3
692,692,0,1,2,3
693,693,0,1,2,3
694,694,0,1,2,3
695,695,0,1,2,3
696,696,0,1,2,3
697,697,0,1,2,3
698,698,0,1,2,3
699,699,0,1,2,3
700,700,0,1,2,3
701,701,0,1,2,3
702,702,0,1,2,3
703,703,0,1,2,3
704,704,0,1,2,3
705,705,0,1,2,3
706,706,0,1,2,3
707,707,0,1,2,3
708,708,0,1,2,3
709,709,0,1,2,3
710,710,0,1,2,3
711,711,0,1,2,3
712,712,0,1,2,3
713,713,0,1,2,3
714,714,0,1,2,3
715,715,0,1,2,3
716,716,0,1,2,3
717,717,0,1,2,3
718,718,0,1,2,3
719,719,0,1,2,3
720,720,0,1,2,3
721,721,0,1,2,3
722,722,0,1,2,3
723,723,0,1,2,3
724,724,0,1,2,3
725,725,0,1,2,3
726,726,0,1,2,3
727,727,0,1,2,3
728,728,0,1,2,3
729,729,0,1,2,3
730,730,0,1,2,3
731,731,0,1,2,3
732,732,0,1,2,3
733,733,0,1,2,3
734,734,0,1,2,3
735,735,0,1,2,3
736,736,0,1,2,3
737,737,0,1,2,3
738,738,0,1,2,3
739,739,0,1,2,3
740,740,0,1,2,3
741,741,0,1,2,3
742,742,0,1,2,3
743,743,0,1,2,3
744,744,0,1,2,3
745,745,0,1,2,3
746,746,0,1,2,3
747,747,0,1,2,3
748,748,0,1,2,3
749,749,0,1,2,3
750,750,0,1,2,3
751,751,0,1,2,3
752,752,0,1,2,3
753,753,0,1,2,3
754,754,0,1,2,3
755,755,0,1,2,3
756,756,0,1,2,3
757,757,0,1,2,3
758,758,0,1,2,3
759,759,0,1,2,3
760,760,0,1,2,3
761,761,0,1,2,3
762,762,0,1,2,3
763,763,0,1,2,3
764,764,0,1,2,3
765,765,0,1,2,3
766,766,0,1,2,3
767,767,0,1,2,3
768,768,0,1,2,3
769,769,0,1,2,3
770,770,0,1,2,3
771,771,0,1,2,3
772,772,0,1,2,3
773,773,0,1,2,3
774,774,0,1,2,3
775,775,0,1,2,3
776,776,0,1,2,3
777,777,0,1,2,3
778,778,0,1,2,3
779,779,0,1,2,3
780,780,0,1,2,3
781,781,0,1,2,3
782,782,0,1,2,3
783,783,0,1,2,3
784,784,0,1,2,3
785,785,0,1,2,3
786,786,0,1,2,3
787,787,0,1,2,3
788,788,0,1,2,3
789,789,0,1,2,3
790,790,0,1,2,3
791,791,0,1,2,3
792,792,0,1,2,3
793,793,0,1,2,3
794,794,0,1,2,3
795,795,0,1,2,3
796,796,0,1,2,3
797,797,0,1,2,3
798,798,0,1,2,3
799,799,0,1,2,3
800,800,0,1,2,3
801,801,0,1,2,3
802,802,0,1,2,3
803,803,0,1,2,3
804,804,0,1,2,3
805,805,0,1,2,3
806,806,0,1,2,3
807,807,0,1,2,3
808,808,0,1,2,3
809,809,0,1,2,3
810,810,0,1,2,3
811,811,0,1,2,3
812,812,0,1,2,3
813,813,0,1,2,3
814,814,0,1,2,3
815,815,0,1,2,3
816,816,0,1,2,3
817,817,0,1,2,3
818,818,0,1,2,3
819,819,0,1,2,3
820,820,0,1,2,3
821,821,0,1,2,3
822,822,0,1,2,3
823,823,0,1,2,3
824,824,0,1,2,3
825,825,0,1,2,3
826,826,0,1,2,3
827,827,0,1,2,3
828,828,0,1,2,3
829,829,0,1,2,3
830,830,0,1,2,3
831,831,0,1,2,3
832,832,0,1,2,3
833,833,0,1,2,3
834,834,0,1,2,3
835,835,0,1,2,3
836,836,0,1,2,3
837,837,0,1,2,3
838,838,0,1,2,3
839,839,0,1,2,3
840,840,0,1,2,3
841,841,0,1,2,3
842,842,0,1,2,3
843,843,0,1,2,3
844,844,0,1,2,3
845,845,0,1,2,3
846,846,0,1,2,3
847,847,0,1,2,3
848,848,0,1,2,3
849,849,0,1,2,3
850,850,0,1,2,3
851,851,0,1,2,3
852,852,0,1,2,3
853,853,0,1,2,3
854,854,0,1,2,3
855,855,0,1,2,3
856,856,0,1,2,3
857,857,0,1,2,3
858,858,0,1,2,3
859,859,0,1,2,3
860,860,0,1,2,3
861,861,0,1,2,3
862,862,0,1,2,3
863,863,0,1,2,3
864,864,0,1,2,3
865,865,0,1,2,3
866,866,0,1,2,3
867,867,0,1,2,3
868,868,0,1,2,3
869,869,0,1,2,3
870,870,0,1,2,3
871,871,0,1,2,3
872,872,0,1,2,3
873,873,0,1,2,3
874,874,0,1,2,3
875,875,0,1,2,3
876,876,0,1,2,3
877,877,0,1,2,3
878,878,0,1,2,3
879,879,0,1,2,3
880,880,0,1,2,3
881,881,0,1,2,3
882,882,0,1,2,3
883,883,0,1,2,3
884,884,0,1,2,3
885,885,0,1,2,3
886,886,0,1,2,3
887,887,0,1,2,3
888,888,0,1,2,3
889,889,0,1,2,3
890,890,0,1,2,3
891,891,0,1,2,3
892,892,0,1,2,3
893,893,0,1,2,3
894,894,0,1,2,3
895,895,0,1,2,3
896,896,0,1,2,3
897,897,0,1,2,3
898,898,0,1,2,3
899,899,0,1,2,3
900,900,0,1,2,3
901,901,0,1,2,3
902,902,0,1,2,3
903,903,0,1,2,3
904,904,0,1,2,3
905,905,0,1,2,3
906,906,0,1,2,3
907,907,0,1,2,3
908,908,0,1,2,3
909,909,0,1,2,3
910,910,0,1,2,3
911,911,0,1,2,3
912,912,0,1,2,3
913,913,0,1,2,3
914,914,0,1,2,3
915,915,0,1,2,3
916,916,0,1,2,3
917,917,0,1,2,3
918,918,0,1,2,3
919,919,0,1,2,3
920,920,0,1,2,3
921,921,0,1,2,3
922,922,0,1,2,3
923,923,0,1,2,3
924,924,0,1,2,3
925,925,0,1,2,3
926,926,0,1,2,3
927,927,0,1,2,3
928,928,0,1,2,3
929,929,0,1,2,3
930,930,0,1,2,3
931,931,0,1,2,3
932,932,0,1,2,3
933,933,0,1,2,3
934,934,0,1,2,3
935,935,0,1,2,3
936,936,0,1,2,3
937,937,0,1,2,3
938,938,0,1,2,3
939,939,0,1,2,3
940,940,0,1,2,3
941,941,0,1,2,3
942,942,0,1,2,3
943,943,0,1,2,3
944,944,0,1,2,3
945,945,0,1,2,3
946,946,0,1,2,3
947,947,0,1,2,3
948,948,0,1,2,3
949,949,0,1,2,3
950,950,0,1,2,3
951,951,0,1,2,3
952,952,0,1,2,3
953,953,0,1,2,3
954,954,0,1,2,3
955,955,0,1,2,3
956,956,0,1,2,3
957,957,0,1,2,3
958,958,0,1,2,3
959,959,0,1,2,3
960,960,0,1,2,3
961,961,0,1,2,3
962,962,0,1,2,3
963,963,0,1,2,3
964,964,0,1,2,3
965,965,0,1,2,3
966,966,0,1,2,3
967,967,0,1,2,3
968,968,0,1,2,3
969,969,0,1,2,3
970,970,0,1,2,3
971,971,0,1,2,3
972,972,0,1,2,3
973,973,0,1,2,3
974,974,0,1,2,3
975,975,0,1,2,3
976,976,0,1,2,3
977,977,0,1,2,3
978,978,0,1,2,3
979,979,0,1,2,3
980,980,0,1,2,3
981,981,0,1,2,3
982,982,0,1,2,3
983,983,0,1,2,3
984,984,0,1,2,3
985,985,0,1,2,3
986,986,0,1,2,3
987,987,0,1,2,3
988,988,0,1,2,3
989,989,0,1,2,3
990,990,0,1,2,3
991,991,0,1,2,3
992,992,0,1,2,3
993,993,0,1,2,3
994,994,0,1,2,3
995,995,0,1,2,3
996,996,0,1,2,3
997,997,0,1,2,3
998,998,0,1,2,3
999,999,0,1,2,3
1000,1000,0,1,2,3
1001,1001,0,1,2,3
1002,1002,0,1,2,3
1003,1003,0,1,2,3
1004,1004,0,1,2,3
1005,1005,0,1,2,3
1006,1006,0,1,2,3
1007,1007,0,1,2,3
1008,1008,0,1,2,3
1009,1009,0,1,2,3
1010,1010,0,1,2,3
1011,1011,0,1,2,3
1012,1012,0,1,2,3
1013,1013,0,1,2,3
1014,1014,0,1,2,3
1015,1015,0,1,2,3
1016,1016,0,1,2,3
1017,1017,0,1,2,3
1018,1018,0,1,2,3
1019,1019,0,1,2,3
1020,1020,0,1,2,3
1021,1021,0,1,2,3
1022,1022,0,1,2,3
1023,1023,0,1,2,3
1024,1024,0,1,2,3
1025,1025,0,1,2,3
1026,1026,0,1,2,3
1027,1027,0,1,2,3
1028,1028,0,1,2,3
1029,1029,0,1,2,3
1030,1030,0,1,2,3
1031,1031,0,1,2,3
1032,1032,0,1,2,3
1033,1033,0,1,2,3
1034,1034,0,1,2,3
1035,1035,0,1,2,3
1036,1036,0,1,2,3
1037,1037,0,1,2,3
1038,1038,0,1,2,3
1039,1039,0,1,2,3
1040,1040,0,1,2,3
1041,1041,0,1,2,3
1042,1042,0,1,2,3
1043,1043,0,1,2,3
1044,1044,0,1,2,3
1045,1045,0,1,2,3
1046,1046,0,1,2,3
1047,1047,0,1,2,3
1048,1048,0,1,2,3
1049,1049,0,1,2,3
1050,1050,0,1,2,3
1051,1051,0,1,2,3
1052,1052,0,1,2,3
1053,1053,0,1,2,3
1054,1054,0,1,2,3
1055,1055,0,1,2,3
1056,1056,0,1,2,3
1057,1057,0,1,2,3
1058,1058,0,1,2,3
1059,1059,0,1,2,3
1060,1060,0,1,2,3
1061,1061,0,1,2,3
1062,1062,0,1,2,3
1063,1063,0,1,2,3
1064,1064,0,1,2,3
1065,1065,0,1,2,3
1066,1066,0,1,2,3
1067,1067,0,1,2,3
1068,1068,0,1,2,3
1069,1069,0,1,2,3
1070,1070,0,1,2,3
1071,1071,0,1,2,3
1072,1072,0,1,2,3
1073,1073,0,1,2,3
1074,1074,0,1,2,3
1075,1075,0,1,2,3
1076,1076,0,1,2,3
1077,1077,0,1,2,3
1078,1078,0,1,2,3
1079,1079,0,1,2,3
1080,1080,0,1,2,3
1081,1081,0,1,2,3
1082,1082,0,1,2,3
1083,1083,0,1,2,3
1084,1084,0,1,2,3
1085,1085,0,1,2,3
1086,1086,0,1,2,3
1087,1087,0,1,2,3
1088,1088,0,1,2,3
1089,1089,0,1,2,3
1090,1090,0,1,2,3
1091,1091,0,1,2,3
1092,1092,0,1,2,3
1093,1093,0,1,2,3
1094,1094,0,1,2,3
1095,1095,0,1,2,3
1096,1096,0,1,2,3
1097,1097,0,1,2,3
1098,1098,0,1,2,3
1099,1099,0,1,2,3
1100,1100,0,1,2,3
1101,1101,0,1,2,3
1102,1102,0,1,2,3
1103,1103,0,1,2,3
1104,1104,0,1,2,3
1105,1105,0,1,2,3
1106,1106,0,1,2,3
1107,1107,0,1,2,3
1108,1108,0,1,2,3
1109,1109,0,1,2,3
1110,1110,0,1,2,3
1111,1111,0,1,2,3
1112,1112,0,1,2,3
1113,1113,0,1,2,3
1114,1114,0,1,2,3
1115,1115,0,1,2,3
1116,1116,0,1,2,3
1117,1117,0,1,2,3
1118,1118,0,1,2,3
1119,1119,0,1,2,3
1120,1120,0,1,2,3
1121,1121,0,1,2,3
1122,1122,0,1,2,3
1123,1123,0,1,2,3
1124,1124,0,1,2,3
1125,1125,0,1,2,3
1126,1126,0,1,2,3
1127,1127,0,1,2,3
1128,1128,0,1,2,3
1129,1129,0,1,2,3
1130,1130,0,1,2,3
1131,1131,0,1,2,3
1132,1132,0,1,2,3
1133,1133,0,1,2,3
1134,1134,0,1,2,3
1135,1135,0,1,2,3
1136,1136,0,1,2,3
1137,1137,0,1,2,3
1138,1138,0,1,2,3
1139,1139,0,1,2,3
1140,1140,0,1,2,3
1141,1141,0,1,2,3
1142,1142,0,1,2,3
1143,1143,0,1,2,3
1144,1144,0,1,2,3
1145,1145,0,1,2,3
1146,1146,0,1,2,3
1147,1147,0,1,2,3
1148,1148,0,1,2,3
1149,1149,0,1,2,3
1150,1150,0,1,2,3
1151,1151,0,1,2,3
1152,1152,0,1,2,3
1153,1153,0,1,2,3
1154,1154,0,1,2,3
1155,1155,0,1,2,3
1156,1156,0,1,2,3
1157,1157,0,1,2,3
1158,1158,0,1,2,3
1159,1159,0,1,2,3
1160,1160,0,1,2,3
1161,1161,0,1,2,3
1162,1162,0,1,2,3
1163,1163,0,1,2,3
1164,1164,0,1,2,3
1165,1165,0,1,2,3
1166,1166,0,1,2,3
1167,1167,0,1,2,3
1168,1168,0,1,2,3
1169,1169,0,1,2,3
1170,1170,0,1,2,3
1171,1171,0,1,2,3
1172,1172,0,1,2,3
1173,1173,0,1,2,3
1174,1174,0,1,2,3
1175,1175,0,1,2,3
1176,1176,0,1,2,3
1177,1177,0,1,2,3
1178,1178,0,1,2,3
1179,1179,0,1,2,3
1180,1180,0,1,2,3
1181,1181,0,1,2,3
1182,1182,0,1,2,3
1183,1183,0,1,2,3
1184,1184,0,1,2,3
1185,1185,0,1,2,3
1186,1186,0,1,2,3
1187,1187,0,1,2,3
1188,1188,0,1,2,3
1189,1189,0,1,2,3
1190,1190,0,1,2,3
1191,1191,0,1,2,3
1192,1192,0,1,2,3
1193,1193,0,1,2,3
1194,1194,0,1,2,3
1195,1195,0,1,2,3
1196,1196,0,1,2,3
1197,1197,0,1,2,3
1198,1198,0,1,2,3
1199,1199,0,1,2,3
1200,1200,0,1,2,3
1201,1201,0,1,2,3
1202,1202,0,1,2,3
1203,1203,0,1,2,3
1204,1204,0,1,2,3
1205,1205,0,1,2,3
1206,1206,0,1,2,3
1207,1207,0,1,2,3
1208,1208,0,1,2,3
1209,1209,0,1,2,3
1210,1210,0,1,2,3
1211,1211,0,1,2,3
1212,1212,0,1,2,3
1213,1213,0,1,2,3
1214,1214,0,1,2,3
1215,1215,0,1,2,3
1216,1216,0,1,2,3
1217,1217,0,1,2,3
1218,1218,0,1,2,3
1219,1219,0,1,2,3
1220,1220,0,1,2,3
1221,1221,0,1,2,3
1222,1222,0,1,2,3
1223,1223,0,1,2,3
1224,1224,0,1,2,3
1225,1225,0,1,2,3
1226,1226,0,1,2,3
1227,1227,0,1,2,3
1228,1228,0,1,2,3
1229,1229,0,1,2,3
1230,1230,0,1,2,3
1231,1231,0,1,2,3
1232,1232,0,1,2,3
1233,1233,0,1,2,3
1234,1234,0,1,2,3
1235,1235,0,1,2,3
1236,1236,0,1,2,3
1237,1237,0,1,2,3
1238,1238,0,1,2,3
1239,1239,0,1,2,3
1240,1240,0,1,2,3
1241,1241,0,1,2,3
1242,1242,0,1,2,3
1243,1243,0,1,2,3
1244,1244,0,1,2,3
1245,1245,0,1,2,3
1246,1246,0,1,2,3
1247,1247,0,1,2,3
1248,1248,0,1,2,3
1249,1249,0,1,2,3
1250,1250,0,1,2,3
1251,1251,0,1,2,3
1252,1252,0,1,2,3
1253,1253,0,1,2,3
1254,1254,0,1,2,3
1255,1255,0,1,2,3
1256,1256,0,1,2,3
1257,1257,0,1,2,3
1258,1258,0,1,2,3
1259,1259,0,1,2,3
1260,1260,0,1,2,3
1261,1261,0,1,2,3
1262,1262,0,1,2,3
1263,1263,0,1,2,3
1264,1264,0,1,2,3
1265,1265,0,1,2,3
1266,1266,0,1,2,3
1267,1267,0,1,2,3
1268,1268,0,1,2,3
1269,1269,0,1,2,3
1270,1270,0,1,2,3
1271,1271,0,1,2,3
1272,1272,0,1,2,3
1273,1273,0,1,2,3
1274,1274,0,1,2,3
1275,1275,0,1,2,3
1276,1276,0,1,2,3
1277,1277,0,1,2,3
1278,1278,0,1,2,3
1279,1279,0,1,2,3
1280,1280,0,1,2,3
1281,1281,0,1,2,3
1282,1282,0,1,2,3
1283,1283,0,1,2,3
1284,1284,0,1,2,3
1285,1285,0,1,2,3
1286,1286,0,1,2,3
1287,1287,0,1,2,3
1288,1288,0,1,2,3
1289,1289,0,1,2,3
1290,1290,0,1,2,3
1291,1291,0,1,2,3
1292,1292,0,1,2,3
1293,1293,0,1,2,3
1294,1294,0,1,2,3
1295,1295,0,1,2,3
1296,1296,0,1,2,3
1297,1297,0,1,2,3
1298,1298,0,1,2,3
1299,1299,0,1,2,3
1300,1300,0,1,2,3
1301,1301,0,1,2,3
1302,1302,0,1,2,3
1303,1303,0,1,2,3
1304,1304,0,1,2,3
1305,1305,0,1,2,3
1306,1306,0,1,2,3
1307,1307,0,1,2,3
1308,1308,0,1,2,3
1309,1309,0,1,2,3
1310,1310,0,1,2,3
1311,1311,0,1,2,3
1312,1312,0,1,2,3
1313,1313,0,1,2,3
1314,1314,0,1,2,3
1315,1315,0,1,2,3
1316,1316,0,1,2,3
1317,1317,0,1,2,3
1318,1318,0,1,2,3
1319,1319,0,1,2,3
1320,1320,0,1,2,3
1321,1321,0,1,2,3
1322,1322,0,1,2,3
1323,1323,0,1,2,3
1324,1324,0,1,2,3
1325,1325,0,1,2,3
1326,1326,0,1,2,3
1327,1327,0,1,2,3
1328,1328,0,1,2,3
1329,1329,0,1,2,3
1330,1330,0,1,2,3
1331,1331,0,1,2,3
1332,1332,0,1,2,3
1333,1333,0,1,2,3
1334,1334,0,1,2,3
1335,1335,0,1,2,3
1336,1336,0,1,2,3
1337,1337,0,1,2,3
1338,1338,0,1,2,3
1339,1339,0,1,2,3
1340,1340,0,1,2,3
1341,1341,0,1,2,3
1342,1342,0,1,2,3
1343,1343,0,1,2,3
1344,1344,0,1,2,3
1345,1345,0,1,2,3
1346,1346,0,1,2,3
1347,1347,0,1,2,3
1348,1348,0,1,2,3
1349,1349,0,1,2,3
1350,1350,0,1,2,3
1351,1351,0,1,2,3
1352,1352,0,1,2,3
1353,1353,0,1,2,3
1354,1354,0,1,2,3
1355,1355,0,1,2,3
1356,1356,0,1,2,3
1357,1357,0,1,2,3
1358,1358,0,1,2,3
1359,1359,0,1,2,3
1360,1360,0,1,2,3
1361,1361,0,1,2,3
1362,1362,0,1,2,3
1363,1363,0,1,2,3
1364,1364,0,1,2,3
1365,1365,0,1,2,3
1366,1366,0,1,2,3
1367,1367,0,1,2,3
1368,1368,0,1,2,3
1369,1369,0,1,2,3
1370,1370,0,1,2,3
1371,1371,0,1,2,3
1372,1372,0,1,2,3
1373,1373,0,1,2,3
1374,1374,0,1,2,3
1375,1375,0,1,2,3
1376,1376,0,1,2,3
1377,1377,0,1,2,3
1378,1378,0,1,2,3
1379,1379,0,1,2,3
1380,1380,0,1,2,3
1381,1381,0,1,2,3
1382,1382,0,1,2,3
1383,1383,0,1,2,3
1384,1384,0,1,2,3
1385,1385,0,1,2,3
1386,1386,0,1,2,3
1387,1387,0,1,2,3
1388,1388,0,1,2,3
1389,1389,0,1,2,3
1390,1390,0,1,2,3
1391,1391,0,1,2,3
1392,1392,0,1,2,3
1393,1393,0,1,2,3
1394,1394,0,1,2,3
1395,1395,0,1,2,3
1396,1396,0,1,2,3
1397,1397,0,1,2,3
1398,1398,0,1,2,3
1399,1399,0,1,2,3
1400,1400,0,1,2,3
1401,1401,0,1,2,3
1402,1402,0,1,2,3
1403,1403,0,1,2,3
1404,1404,0,1,2,3
1405,1405,0,1,2,3
1406,1406,0,1,2,3
1407,1407,0,1,2,3
1408,1408,0,1,2,3
1409,1409,0,1,2,3
1410,1410,0,1,2,3
1411,1411,0,1,2,3
1412,1412,0,1,2,3
1413,1413,0,1,2,3
1414,1414,0,1,2,3
1415,1415,0,1,2,3
1416,1416,0,1,2,3
1417,1417,0,1,2,3
1418,1418,0,1,2,3
1419,1419,0,1,2,3
1420,1420,0,1,2,3
1421,1421,0,1,2,3
1422,1422,0,1,2,3
1423,1423,0,1,2,3
1424,1424,0,1,2,3
1425,1425,0,1,2,3
1426,1426,0,1,2,3
1427,1427,0,1,2,3
1428,1428,0,1,2,3
1429,1429,0,1,2,3
1430,1430,0,1,2,3
1431,1431,0,1,2,3
1432,1432,0,1,2,3
1433,1433,0,1,2,3
1434,1434,0,1,2,3
1435,1435,0,1,2,3
1436,1436,0,1,2,3
1437,1437,0,1,2,3
1438,1438,0,1,2,3
1439,1439,0,1,2,3
1440,1440,0,1,2,3
1441,1441,0,1,2,3
1442,1442,0,1,2,3
1443,1443,0,1,2,3
1444,1444,0,1,2,3
1445,1445,0,1,2,3
1446,1446,0,1,2,3
1447,1447,0,1,2,3
1448,1448,0,1,2,3
1449,1449,0,1,2,3
1450,1450,0,1,2,3
1451,1451,0,1,2,3
1452,1452,0,1,2,3
1453,1453,0,1,2,3
1454,1454,0,1,2,3
1455,1455,0,1,2,3
1456,1456,0,1,2,3
1457,1457,0,1,2,3
1458,1458,0,1,2,3
1459,1459,0,1,2,3
1460,1460,0,1,2,3
1461,1461,0,1,2,3
1462,1462,0,1,2,3
1463,1463,0,1,2,3
1464,1464,0,1,2,3
1465,1465,0,1,2,3
1466,1466,0,1,2,3
1467,1467,0,1,2,3
1468,1468,0,1,2,3
1469,1469,0,1,2,3
1470,1470,0,1,2,3
1471,1471,0,1,2,3
1472,1472,0,1,2,3
1473,1473,0,1,2,3
1474,1474,0,1,2,3
1475,1475,0,1,2,3
1476,1476,0,1,2,3
1477,1477,0,1,2,3
1478,1478,0,1,2,3
1479,1479,0,1,2,3
1480,1480,0,1,2,3
1481,1481,0,1,2,3
1482,1482,0,1,2,3
1483,1483,0,1,2,3
1484,1484,0,1,2,3
1485,1485,0,1,2,3
1486,1486,0,1,2,3
1487,1487,0,1,2,3
1488,1488,0,1,2,3
1489,1489,0,1,2,3
1490,1490,0,1,2,3
1491,1491,0,1,2,3
1492,1492,0,1,2,3
1493,1493,0,1,2,3
1494,1494,0,1,2,3
1495,1495,0,1,2,3
1496,1496,0,1,2,3
1497,1497,0,1,2,3
1498,1498,0,1,2,3
1499,1499,0,1,2,3
1500,1500,0,1,2,3
1501,1501,0,1,2,3
1502,1502,0,1,2,3
1503,1503,0,1,2,3
1504,1504,0,1,2,3
1505,1505,0,1,2,3
1506,1506,0,1,2,3
1507,1507,0,1,2,3
1508,1508,0,1,2,3
1509,1509,0,1,2,3
1510,1510,0,1,2,3
1511,1511,0,1,2,3
1512,1512,0,1,2,3
1513,1513,0,1,2,3
1514,1514,0,1,2,3
1515,1515,0,1,2,3
1516,1516,0,1,2,3
1517,1517,0,1,2,3
1518,1518,0,1,2,3
1519,1519,0,1,2,3
1520,1520,0,1,2,3
1521,1521,0,1,2,3
1522,1522,0,1,2,3
1523,1523,0,1,2,3
1524,1524,0,1,2,3
1525,1525,0,1,2,3
1526,1526,0,1,2,3
1527,1527,0,1,2,3
1528,1528,0,1,2,3
1529,1529,0,1,2,3
1530,1530,0,1,2,3
1531,1531,0,1,2,3
1532,1532,0,1,2,3
1533,1533,0,1,2,3
1534,1534,0,1,2,3
1535,1535,0,1,2,3
1536,1536,0,1,2,3
1537,1537,0,1,2,3
1538,1538,0,1,2,3
1539,1539,0,1,2,3
1540,1540,0,1,2,3
1541,1541,0,1,2,3
1542,1542,0,1,2,3
1543,1543,0,1,2,3
1544,1544,0,1,2,3
1545,1545,0,1,2,3
1546,1546,0,1,2,3
1547,1547,0,1,2,3
1548,1548,0,1,2,3
1549,1549,0,1,2,3
1550,1550,0,1,2,3
1551,1551,0,1,2,3
1552,1552,0,1,2,3
1553,1553,0,1,2,3
1554,1554,0,1,2,3
1555,1555,0,1,2,3
1556,1556,0,1,2,3
1557,1557,0,1,2,3
1558,1558,0,1,2,3
1559,1559,0,1,2,3
1560,1560,0,1,2,3
1561,1561,0,1,2,3
1562,1562,0,1,2,3
1563,1563,0,1,2,3
1564,1564,0,1,2,3
1565,1565,0,1,2,3
1566,1566,0,1,2,3
1567,1567,0,1,2,3
1568,1568,0,1,2,3
1569,1569,0,1,2,3
1570,1570,0,1,2,3
1571,1571,0,1,2,3
1572,1572,0,1,2,3
1573,1573,0,1,2,3
1574,1574,0,1,2,3
1575,1575,0,1,2,3
1576,1576,0,1,2,3
1577,1577,0,1,2,3
1578,1578,0,1,2,3
1579,1579,0,1,2,3
1580,1580,0,1,2,3
1581,1581,0,1,2,3
1582,1582,0,1,2,3
1583,1583,0,1,2,3
1584,1584,0,1,2,3
1585,1585,0,1,2,3
1586,1586,0,1,2,3
1587,1587,0,1,2,3
1588,1588,0,1,2,3
1589,1589,0,1,2,3
1590,1590,0,1,2,3
1591,1591,0,1,2,3
1592,1592,0,1,2,3
1593,1593,0,1,2,3
1594,1594,0,1,2,3
1595,1595,0,1,2,3
1596,1596,0,1,2,3
1597,1597,0,1,2,3
1598,1598,0,1,2,3
1599,1599,0,1,2,3
1600,1600,0,1,2,3
1601,1601,0,1,2,3
1602,1602,0,1,2,3
1603,1603,0,1,2,3
1604,1604,0,1,2,3
1605,1605,0,1,2,3
1606,1606,0,1,2,3
1607,1607,0,1,2,3
1608,1608,0,1,2,3
1609,1609,0,1,2,3
1610,1610,0,1,2,3
1611,1611,0,1,2,3
1612,1612,0,1,2,3
1613,1613,0,1,2,3
1614,1614,0,1,2,3
1615,1615,0,1,2,3
1616,1616,0,1,2,3
1617,1617,0,1,2,3
1618,1618,0,1,2,3
1619,1619,0,1,2,3
1620,1620,0,1,2,3
1621,1621,0,1,2,3
1622,1622,0,1,2,3
1623,1623,0,1,2,3
1624,1624,0,1,2,3
1625,1625,0,1,2,3
1626,1626,0,1,2,3
1627,1627,0,1,2,3
1628,1628,0,1,2,3
1629,1629,0,1,2,3
1630,1630,0,1,2,3
1631,1631,0,1,2,3
1632,1632,0,1,2,3
1633,1633,0,1,2,3
1634,1634,0,1,2,3
1635,1635,0,1,2,3
1636,1636,0,1,2,3
1637,1637,0,1,2,3
1638,1638,0,1,2,3
1639,1639,0,1,2,3
1640,1640,0,1,2,3
1641,1641,0,1,2,3
1642,1642,0,1,2,3
1643,1643,0,1,2,3
1644,1644,0,1,2,3
1645,1645,0,1,2,3
1646,1646,0,1,2,3
1647,1647,0,1,2,3
1648,1648,0,1,2,3
1649,1649,0,1,2,3
1650,1650,0,1,2,3
1651,1651,0,1,2,3
1652,1652,0,1,2,3
1653,1653,0,1,2,3
1654,1654,0,1,2,3
1655,1655,0,1,2,3
1656,1656,0,1,2,3
1657,1657,0,1,2,3
1658,1658,0,1,2,3
1659,1659,0,1,2,3
1660,1660,0,1,2,3
1661,1661,0,1,2,3
1662,1662,0,1,2,3
1663,1663,0,1,2,3
1664,1664,0,1,2,3
1665,1665,0,1,2,3
1666,1666,0,1,2,3
1667,1667,0,1,2,3
1668,1668,0,1,2,3
1669,1669,0,1,2,3
1670,1670,0,1,2,3
1671,1671,0,1,2,3
1672,1672,0,1,2,3
1673,1673,0,1,2,3
1674,1674,0,1,2,3
1675,1675,0,1,2,3
1676,1676,0,1,2,3
1677,1677,0,1,2,3
1678,1678,0,1,2,3
1679,1679,0,1,2,3
1680,1680,0,1,2,3
1681,1681,0,1,2,3
1682,1682,0,1,2,3
1683,1683,0,1,2,3
1684,1684,0,1,2,3
1685,1685,0,1,2,3
1686,1686,0,1,2,3
1687,1687,0,1,2,3
1688,1688,0,1,2,3
1689,1689,0,1,2,3
1690,1690,0,1,2,3
1691,1691,0,1,2,3
1692,1692,0,1,2,3
1693,1693,0,1,2,3
1694,1694,0,1,2,3
1695,1695,0,1,2,3
1696,1696,0,1,2,3
1697,1697,0,1,2,3
1698,1698,0,1,2,3
1699,1699,0,1,2,3
1700,1700,0,1,2,3
1701,1701,0,1,2,3
1702,1702,0,1,2,3
1703,1703,0,1,2,3
1704,1704,0,1,2,3
1705,1705,0,1,2,3
1706,1706,0,1,2,3
1707,1707,0,1,2,3
1708,1708,0,1,2,3
1709,1709,0,1,2,3
1710,1710,0,1,2,3
1711,1711,0,1,2,3
1712,1712,0,1,2,3
1713,1713,0,1,2,3
1714,1714,0,1,2,3
1715,1715,0,1,2,3
1716,1716,0,1,2,3
1717,1717,0,1,2,3
1718,1718,0,1,2,3
1719,1719,0,1,2,3
1720,1720,0,1,2,3
1721,1721,0,1,2,3
1722,1722,0,1,2,3
1723,1723,0,1,2,3
1724,1724,0,1,2,3
1725,1725,0,1,2,3
1726,1726,0,1,2,3
1727,1727,0,1,2,3
1728,1728,0,1,2,3
1729,1729,0,1,2,3
1730,1730,0,1,2,3
1731,1731,0,1,2,3
1732,1732,0,1,2,3
1733,1733,0,1,2,3
1734,1734,0,1,2,3
1735,1735,0,1,2,3
1736,1736,0,1,2,3
1737,1737,0,1,2,3
1738,1738,0,1,2,3
1739,1739,0,1,2,3
1740,1740,0,1,2,3
1741,1741,0,1,2,3
1742,1742,0,1,2,3
1743,1743,0,1,2,3
1744,1744,0,1,2,3
1745,1745,0,1,2,3
1746,1746,0,1,2,3
1747,1747,0,1,2,3
1748,1748,0,1,2,3
1749,1749,0,1,2,3
1750,1750,0,1,2,3
1751,1751,0,1,2,3
1752,1752,0,1,2,3
1753,1753,0,1,2,3
1754,1754,0,1,2,3
1755,1755,0,1,2,3
1756,1756,0,1,2,3
1757,1757,0,1,2,3
1758,1758,0,1,2,3
1759,1759,0,1,2,3
1760,1760,0,1,2,3
1761,1761,0,1,2,3
1762,1762,0,1,2,3
1763,1763,0,1,2,3
1764,1764,0,1,2,3
1765,1765,0,1,2,3
1766,1766,0,1,2,3
1767,1767,0,1,2,3
1768,1768,0,1,2,3
1769,1769,0,1,2,3
1770,1770,0,1,2,3
1771,1771,0,1,2,3
1772,1772,0,1,2,3
1773,1773,0,1,2,3
1774,1774,0,1,2,3
1775,1775,0,1,2,3
1776,1776,0,1,2,3
1777,1777,0,1,2,3
1778,1778,0,1,2,3
1779,1779,0,1,2,3
1780,1780,0,1,2,3
1781,1781,0,1,2,3
1782,1782,0,1,2,3
1783,1783,0,1,2,3
1784,1784,0,1,2,3
1785,1785,0,1,2,3
1786,1786,0,1,2,3
1787,1787,0,1,2,3
1788,1788,0,1,2,3
1789,1789,0,1,2,3
1790,1790,0,1,2,3
1791,1791,0,1,2,3
1792,1792,0,1,2,3
1793,1793,0,1,2,3
1794,1794,0,1,2,3
1795,1795,0,1,2,3
1796,1796,0,1,2,3
1797,1797,0,1,2,3
1798,1798,0,1,2,3
1799,1799,0,1,2,3
1800,1800,0,1,2,3
1801,1801,0,1,2,3
1802,1802,0,1,2,3
1803,1803,0,1,2,3
1804,1804,0,1,2,3
1805,1805,0,1,2,3
1806,1806,0,1,2,3
1807,1807,0,1,2,3
1808,1808,0,1,2,3
1809,1809,0,1,2,3
1810,1810,0,1,2,3
1811,1811,0,1,2,3
1812,1812,0,1,2,3
1813,1813,0,1,2,3
1814,1814,0,1,2,3
1815,1815,0,1,2,3
1816,1816,0,1,2,3
1817,1817,0,1,2,3
1818,1818,0,1,2,3
1819,1819,0,1,2,3
1820,1820,0,1,2,3
1821,1821,0,1,2,3
1822,1822,0,1,2,3
1823,1823,0,1,2,3
1824,1824,0,1,2,3
1825,1825,0,1,2,3
1826,1826,0,1,2,3
1827,1827,0,1,2,3
1828,1828,0,1,2,3
1829,1829,0,1,2,3
1830,1830,0,1,2,3
1831,1831,0,1,2,3
1832,1832,0,1,2,3
1833,1833,0,1,2,3
1834,1834,0,1,2,3
1835,1835,0,1,2,3
1836,1836,0,1,2,3
1837,1837,0,1,2,3
1838,1838,0,1,2,3
1839,1839,0,1,2,3
1840,1840,0,1,2,3
1841,1841,0,1,2,3
1842,1842,0,1,2,3
1843,1843,0,1,2,3
1844,1844,0,1,2,3
1845,1845,0,1,2,3
1846,1846,0,1,2,3
1847,1847,0,1,2,3
1848,1848,0,1,2,3
1849,1849,0,1,2,3
1850,1850,0,1,2,3
1851,1851,0,1,2,3
1852,1852,0,1,2,3
1853,1853,0,1,2,3
1854,1854,0,1,2,3
1855,1855,0,1,2,3
1856,1856,0,1,2,3
1857,1857,0,1,2,3
1858,1858,0,1,2,3
1859,1859,0,1,2,3
1860,1860,0,1,2,3
1861,1861,0,1,2,3
1862,1862,0,1,2,3
1863,1863,0,1,2,3
1864,1864,0,1,2,3
1865,1865,0,1,2,3
1866,1866,0,1,2,3
1867,1867,0,1,2,3
1868,1868,0,1,2,3
1869,1869,0,1,2,3
1870,1870,0,1,2,3
1871,1871,0,1,2,3
1872,1872,0,1,2,3
1873,1873,0,1,2,3
1874,1874,0,1,2,3
1875,1875,0,1,2,3
1876,1876,0,1,2,3
1877,1877,0,1,2,3
1878,1878,0,1,2,3
1879,1879,0,1,2,3
1880,1880,0,1,2,3
1881,1881,0,1,2,3
1882,1882,0,1,2,3
1883,1883,0,1,2,3
1884,1884,0,1,2,3
1885,1885,0,1,2,3
1886,1886,0,1,2,3
1887,1887,0,1,2,3
1888,1888,0,1,2,3
1889,1889,0,1,2,3
1890,1890,0,1,2,3
1891,1891,0,1,2,3
1892,1892,0,1,2,3
1893,1893,0,1,2,3
1894,1894,0,1,2,3
1895,1895,0,1,2,3
1896,1896,0,1,2,3
1897,1897,0,1,2,3
1898,1898,0,1,2,3
1899,1899,0,1,2,3
1900,1900,0,1,2,3
1901,1901,0,1,2,3
1902,1902,0,1,2,3
1903,1903,0,1,2,3
1904,1904,0,1,2,3
1905,1905,0,1,2,3
1906,1906,0,1,2,3
1907,1907,0,1,2,3
1908,1908,0,1,2,3
1909,1909,0,1,2,3
1910,1910,0,1,2,3
1911,1911,0,1,2,3
1912,1912,0,1,2,3
1913,1913,0,1,2,3
1914,1914,0,1,2,3
1915,1915,0,1,2,3
1916,1916,0,1,2,3
1917,1917,0,1,2,3
1918,1918,0,1,2,3
1919,1919,0,1,2,3
1920,1920,0,1,2,3
1921,1921,0,1,2,3
1922,1922,0,1,2,3
1923,1923,0,1,2,3
1924,1924,0,1,2,3
1925,1925,0,1,2,3
1926,1926,0,1,2,3
1927,1927,0,1,2,3
1928,1928,0,1,2,3
1929,1929,0,1,2,3
1930,1930,0,1,2,3
1931,1931,0,1,2,3
1932,1932,0,1,2,3
1933,1933,0,1,2,3
1934,1934,0,1,2,3
1935,1935,0,1,2,3
1936,1936,0,1,2,3
1937,1937,0,1,2,3
1938,1938,0,1,2,3
1939,1939,0,1,2,3
1940,1940,0,1,2,3
1941,1941,0,1,2,3
1942,1942,0,1,2,3
1943,1943,0,1,2,3
1944,1944,0,1,2,3
1945,1945,0,1,2,3
1946,1946,0,1,2,3
1947,1947,0,1,2,3
1948,1948,0,1,2,3
1949,1949,0,1,2,3
1950,1950,0,1,2,3
1951,1951,0,1,2,3
1952,1952,0,1,2,3
1953,1953,0,1,2,3
1954,1954,0,1,2,3
1955,1955,0,1,2,3
1956,1956,0,1,2,3
1957,1957,0,1,2,3
1958,1958,0,1,2,3
1959,1959,0,1,2,3
1960,1960,0,1,2,3
1961,1961,0,1,2,3
1962,1962,0,1,2,3
1963,1963,0,1,2,3
1964,1964,0,1,2,3
1965,1965,0,1,2,3
1966,1966,0,1,2,3
1967,1967,0,1,2,3
1968,1968,0,1,2,3
1969,1969,0,1,2,3
1970,1970,0,1,2,3
1971,1971,0,1,2,3
1972,1972,0,1,2,3
1973,1973,0,1,2,3
1974,1974,0,1,2,3
1975,1975,0,1,2,3
1976,1976,0,1,2,3
1977,1977,0,1,2,3
1978,1978,0,1,2,3
1979,1979,0,1,2,3
1980,1980,0,1,2,3
1981,1981,0,1,2,3
1982,1982,0,1,2,3
1983,1983,0,1,2,3
1984,1984,0,1,2,3
1985,1985,0,1,2,3
1986,1986,0,1,2,3
1987,1987,0,1,2,3
1988,1988,0,1,2,3
1989,1989,0,1,2,3
1990,1990,0,1,2,3
1991,1991,0,1,2,3
1992,1992,0,1,2,3
1993,1993,0,1,2,3
1994,1994,0,1,2,3
1995,1995,0,1,2,3
1996,1996,0,1,2,3
1997,1997,0,1,2,3
1998,1998,0,1,2,3
1999,1999,0,1,2,3
2000,2000,0,1,2,3
2001,2001,0,1,2,3
2002,2002,0,1,2,3
2003,2003,0,1,2,3
2004,2004,0,1,2,3
2005,2005,0,1,2,3
2006,2006,0,1,2,3
2007,2007,0,1,2,3
2008,2008,0,1,2,3
2009,2009,0,1,2,3
2010,2010,0,1,2,3
2011,2011,0,1,2,3
2012,2012,0,1,2,3
2013,2013,0,1,2,3
2014,2014,0,1,2,3
2015,2015,0,1,2,3
2016,2016,0,1,2,3
2017,2017,0,1,2,3
2018,2018,0,1,2,3
2019,2019,0,1,2,3
2020,2020,0,1,2,3
2021,2021,0,1,2,3
2022,2022,0,1,2,3
2023,2023,0,1,2,3
2024,2024,0,1,2,3
2025,2025,0,1,2,3
2026,2026,0,1,2,3
2027,2027,0,1,2,3
2028,2028,0,1,2,3
2029,2029,0,1,2,3
2030,2030,0,1,2,3
2031,2031,0,1,2,3
2032,2032,0,1,2,3
2033,2033,0,1,2,3
2034,2034,0,1,2,3
2035,2035,0,1,2,3
2036,2036,0,1,2,3
2037,2037,0,1,2,3
2038,2038,0,1,2,3
2039,2039,0,1,2,3
2040,2040,0,1,2,3
2041,2041,0,1,2,3
2042,2042,0,1,2,3
2043,2043,0,1,2,3
2044,2044,0,1,2,3
2045,2045,0,1,2,3
2046,2046,0,1,2,3
2047,2047,0,1,2,3
2048,2048,0,1,2,3
2049,2049,0,1,2,3
2050,2050,0,1,2,3
2051,2051,0,1,2,3
2052,2052,0,1,2,3
2053,2053,0,1,2,3
2054,2054,0,1,2,3
2055,2055,0,1,2,3
2056,2056,0,1,2,3
2057,2057,0,1,2,3
2058,2058,0,1,2,3
2059,2059,0,1,2,3
2060,2060,0,1,2,3
2061,2061,0,1,2,3
2062,2062,0,1,2,3
2063,2063,0,1,2,3
2064,2064,0,1,2,3
2065,2065,0,1,2,3
2066,2066,0,1,2,3
2067,2067,0,1,2,3
2068,2068,0,1,2,3
2069,2069,0,1,2,3
2070,2070,0,1,2,3
2071,2071,0,1,2,3
2072,2072,0,1,2,3
2073,2073,0,1,2,3
2074,2074,0,1,2,3
2075,2075,0,1,2,3
2076,2076,0,1,2,3
2077,2077,0,1,2,3
2078,2078,0,1,2,3
2079,2079,0,1,2,3
2080,2080,0,1,2,3
2081,2081,0,1,2,3
2082,2082,0,1,2,3
2083,2083,0,1,2,3
2084,2084,0,1,2,3
2085,2085,0,1,2,3
2086,2086,0,1,2,3
2087,2087,0,1,2,3
2088,2088,0,1,2,3
2089,2089,0,1,2,3
2090,2090,0,1,2,3
2091,2091,0,1,2,3
2092,2092,0,1,2,3
2093,2093,0,1,2,3
2094,2094,0,1,2,3
2095,2095,0,1,2,3
2096,2096,0,1,2,3
2097,2097,0,1,2,3
2098,2098,0,1,2,3
2099,2099,0,1,2,3
2100,2100,0,1,2,3
2101,2101,0,1,2,3
2102,2102,0,1,2,3
2103,2103,0,1,2,3
2104,2104,0,1,2,3
2105,2105,0,1,2,3
2106,2106,0,1,2,3
2107,2107,0,1,2,3
2108,2108,0,1,2,3
2109,2109,0,1,2,3
2110,2110,0,1,2,3
2111,2111,0,1,2,3
2112,2112,0,1,2,3
2113,2113,0,1,2,3
2114,2114,0,1,2,3
2115,2115,0,1,2,3
2116,2116,0,1,2,3
2117,2117,0,1,2,3
2118,2118,0,1,2,3
2119,2119,0,1,2,3
2120,2120,0,1,2,3
2121,2121,0,1,2,3
2122,2122,0,1,2,3
2123,2123,0,1,2,3
2124,2124,0,1,2,3
2125,2125,0,1,2,3
2126,2126,0,1,2,3
2127,2127,0,1,2,3
2128,2128,0,1,2,3
2129,2129,0,1,2,3
2130,2130,0,1,2,3
2131,2131,0,1,2,3
2132,2132,0,1,2,3
2133,2133,0,1,2,3
2134,2134,0,1,2,3
2135,2135,0,1,2,3
2136,2136,0,1,2,3
2137,2137,0,1,2,3
2138,2138,0,1,2,3
2139,2139,0,1,2,3
2140,2140,0,1,2,3
2141,2141,0,1,2,3
2142,2142,0,1,2,3
2143,2143,0,1,2,3
2144,2144,0,1,2,3
2145,2145,0,1,2,3
2146,2146,0,1,2,3
2147,2147,0,1,2,3
2148,2148,0,1,2,3
2149,2149,0,1,2,3
2150,2150,0,1,2,3
2151,2151,0,1,2,3
2152,2152,0,1,2,3
2153,2153,0,1,2,3
2154,2154,0,1,2,3
2155,2155,0,1,2,3
2156,2156,0,1,2,3
2157,2157,0,1,2,3
2158,2158,0,1,2,3
2159,2159,0,1,2,3
2160,2160,0,1,2,3
2161,2161,0,1,2,3
2162,2162,0,1,2,3
2163,2163,0,1,2,3
2164,2164,0,1,2,3
2165,2165,0,1,2,3
2166,2166,0,1,2,3
2167,2167,0,1,2,3
2168,2168,0,1,2,3
2169,2169,0,1,2,3
2170,2170,0,1,2,3
2171,2171,0,1,2,3
2172,2172,0,1,2,3
2173,2173,0,1,2,3
2174,2174,0,1,2,3
2175,2175,0,1,2,3
2176,2176,0,1,2,3
2177,2177,0,1,2,3
2178,2178,0,1,2,3
2179,2179,0,1,2,3
2180,2180,0,1,2,3
2181,2181,0,1,2,3
2182,2182,0,1,2,3
2183,2183,0,1,2,3
2184,2184,0,1,2,3
2185,2185,0,1,2,3
2186,2186,0,1,2,3
2187,2187,0,1,2,3
2188,2188,0,1,2,3
2189,2189,0,1,2,3
2190,2190,0,1,2,3
2191,2191,0,1,2,3
2192,2192,0,1,2,3
2193,2193,0,1,2,3
2194,2194,0,1,2,3
2195,2195,0,1,2,3
2196,2196,0,1,2,3
2197,2197,0,1,2,3
2198,2198,0,1,2,3
2199,2199,0,1,2,3
2200,2200,0,1,2,3
2201,2201,0,1,2,3
2202,2202,0,1,2,3
2203,2203,0,1,2,3
2204,2204,0,1,2,3
2205,2205,0,1,2,3
2206,2206,0,1,2,3
2207,2207,0,1,2,3
2208,2208,0,1,2,3
2209,2209,0,1,2,3
2210,2210,0,1,2,3
2211,2211,0,1,2,3
2212,2212,0,1,2,3
2213,2213,0,1,2,3
2214,2214,0,1,2,3
2215,2215,0,1,2,3
2216,2216,0,1,2,3
2217,2217,0,1,2,3
2218,2218,0,1,2,3
2219,2219,0,1,2,3
2220,2220,0,1,2,3
2221,2221,0,1,2,3
2222,2222,0,1,2,3
2223,2223,0,1,2,3
2224,2224,0,1,2,3
2225,2225,0,1,2,3
2226,2226,0,1,2,3
2227,2227,0,1,2,3
2228,2228,0,1,2,3
2229,2229,0,1,2,3
2230,2230,0,1,2,3
2231,2231,0,1,2,3
2232,2232,0,1,2,3
2233,2233,0,1,2,3
2234,2234,0,1,2,3
2235,2235,0,1,2,3
2236,2236,0,1,2,3
2237,2237,0,1,2,3
2238,2238,0,1,2,3
2239,2239,0,1,2,3
2240,2240,0,1,2,3
2241,2241,0,1,2,3
2242,2242,0,1,2,3
2243,2243,0,1,2,3
2244,2244,0,1,2,3
2245,2245,0,1,2,3
2246,2246,0,1,2,3
2247,2247,0,1,2,3
2248,2248,0,1,2,3
2249,2249,0,1,2,3
2250,2250,0,1,2,3
2251,2251,0,1,2,3
2252,2252,0,1,2,3
2253,2253,0,1,2,3
2254,2254,0,1,2,3
2255,2255,0,1,2,3
2256,2256,0,1,2,3
2257,2257,0,1,2,3
2258,2258,0,1,2,3
2259,2259,0,1,2,3
2260,2260,0,1,2,3
2261,2261,0,1,2,3
2262,2262,0,1,2,3
2263,2263,0,1,2,3
2264,2264,0,1,2,3
2265,2265,0,1,2,3
2266,2266,0,1,2,3
2267,2267,0,1,2,3
2268,2268,0,1,2,3
2269,2269,0,1,2,3
2270,2270,0,1,2,3
2271,2271,0,1,2,3
2272,2272,0,1,2,3
2273,2273,0,1,2,3
2274,2274,0,1,2,3
2275,2275,0,1,2,3
2276,2276,0,1,2,3
2277,2277,0,1,2,3
2278,2278,0,1,2,3
2279,2279,0,1,2,3
2280,2280,0,1,2,3
2281,2281,0,1,2,3
2282,2282,0,1,2,3
2283,2283,0,1,2,3
2284,2284,0,1,2,3
2285,2285,0,1,2,3
2286,2286,0,1,2,3
2287,2287,0,1,2,3
2288,2288,0,1,2,3
2289,2289,0,1,2,3
2290,2290,0,1,2,3
2291,2291,0,1,2,3
2292,2292,0,1,2,3
2293,2293,0,1,2,3
2294,2294,0,1,2,3
2295,2295,0,1,2,3
2296,2296,0,1,2,3
2297,2297,0,1,2,3
2298,2298,0,1,2,3
2299,2299,0,1,2,3
2300,2300,0,1,2,3
2301,2301,0,1,2,3
2302,2302,0,1,2,3
2303,2303,0,1,2,3
2304,2304,0,1,2,3
2305,2305,0,1,2,3
2306,2306,0,1,2,3
2307,2307,0,1,2,3
2308,2308,0,1,2,3
2309,2309,0,1,2,3
2310,2310,0,1,2,3
2311,2311,0,1,2,3
2312,2312,0,1,2,3
2313,2313,0,1,2,3
2314,2314,0,1,2,3
2315,2315,0,1,2,3
2316,2316,0,1,2,3
2317,2317,0,1,2,3
2318,2318,0,1,2,3
2319,2319,0,1,2,3
2320,2320,0,1,2,3
2321,2321,0,1,2,3
2322,2322,0,1,2,3
2323,2323,0,1,2,3
2324,2324,0,1,2,3
2325,2325,0,1,2,3
2326,2326,0,1,2,3
2327,2327,0,1,2,3
2328,2328,0,1,2,3
2329,2329,0,1,2,3
2330,2330,0,1,2,3
2331,2331,0,1,2,3
2332,2332,0,1,2,3
2333,2333,0,1,2,3
2334,2334,0,1,2,3
2335,2335,0,1,2,3
2336,2336,0,1,2,3
2337,2337,0,1,2,3
2338,2338,0,1,2,3
2339,2339,0,1,2,3
2340,2340,0,1,2,3
2341,2341,0,1,2,3
2342,2342,0,1,2,3
2343,2343,0,1,2,3
2344,2344,0,1,2,3
2345,2345,0,1,2,3
2346,2346,0,1,2,3
2347,2347,0,1,2,3
2348,2348,0,1,2,3
2349,2349,0,1,2,3
2350,2350,0,1,2,3
2351,2351,0,1,2,3
2352,2352,0,1,2,3
2353,2353,0,1,2,3
2354,2354,0,1,2,3
2355,2355,0,1,2,3
2356,2356,0,1,2,3
2357,2357,0,1,2,3
2358,2358,0,1,2,3
2359,2359,0,1,2,3
2360,2360,0,1,2,3
2361,2361,0,1,2,3
2362,2362,0,1,2,3
2363,2363,0,1,2,3
2364,2364,0,1,2,3
2365,2365,0,1,2,3
2366,2366,0,1,2,3
2367,2367,0,1,2,3
2368,2368,0,1,2,3
2369,2369,0,1,2,3
2370,2370,0,1,2,3
2371,2371,0,1,2,3
2372,2372,0,1,2,3
2373,2373,0,1,2,3
2374,2374,0,1,2,3
2375,2375,0,1,2,3
2376,2376,0,1,2,3
2377,2377,0,1,2,3
2378,2378,0,1,2,3
2379,2379,0,1,2,3
2380,2380,0,1,2,3
2381,2381,0,1,2,3
2382,2382,0,1,2,3
2383,2383,0,1,2,3
2384,2384,0,1,2,3
2385,2385,0,1,2,3
2386,2386,0,1,2,3
2387,2387,0,1,2,3
2388,2388,0,1,2,3
2389,2389,0,1,2,3
2390,2390,0,1,2,3
2391,2391,0,1,2,3
2392,2392,0,1,2,3
2393,2393,0,1,2,3
2394,2394,0,1,2,3
2395,2395,0,1,2,3
2396,2396,0,1,2,3
2397,2397,0,1,2,3
2398,2398,0,1,2,3
2399,2399,0,1,2,3
2400,2400,0,1,2,3
2401,2401,0,1,2,3
2402,2402,0,1,2,3
2403,2403,0,1,2,3
2404,2404,0,1,2,3
2405,2405,0,1,2,3
2406,2406,0,1,2,3
2407,2407,0,1,2,3
2408,2408,0,1,2,3
2409,2409,0,1,2,3
2410,2410,0,1,2,3
2411,2411,0,1,2,3
2412,2412,0,1,2,3
2413,2413,0,1,2,3
2414,2414,0,1,2,3
2415,2415,0,1,2,3
2416,2416,0,1,2,3
2417,2417,0,1,2,3
2418,2418,0,1,2,3
2419,2419,0,1,2,3
2420,2420,0,1,2,3
2421,2421,0,1,2,3
2422,2422,0,1,2,3
2423,2423,0,1,2,3
2424,2424,0,1,2,3
2425,2425,0,1,2,3
2426,2426,0,1,2,3
2427,2427,0,1,2,3
2428,2428,0,1,2,3
2429,2429,0,1,2,3
2430,2430,0,1,2,3
2431,2431,0,1,2,3
2432,2432,0,1,2,3
2433,2433,0,1,2,3
2434,2434,0,1,2,3
2435,2435,0,1,2,3
2436,2436,0,1,2,3
2437,2437,0,1,2,3
2438,2438,0,1,2,3
2439,2439,0,1,2,3
2440,2440,0,1,2,3
2441,2441,0,1,2,3
2442,2442,0,1,2,3
2443,2443,0,1,2,3
2444,2444,0,1,2,3
2445,2445,0,1,2,3
2446,2446,0,1,2,3
2447,2447,0,1,2,3
2448,2448,0,1,2,3
2449,2449,0,1,2,3
2450,2450,0,1,2,3
2451,2451,0,1,2,3
2452,2452,0,1,2,3
2453,2453,0,1,2,3
2454,2454,0,1,2,3
2455,2455,0,1,2,3
2456,2456,0,1,2,3
2457,2457,0,1,2,3
2458,2458,0,1,2,3
2459,2459,0,1,2,3
2460,2460,0,1,2,3
2461,2461,0,1,2,3
2462,2462,0,1,2,3
2463,2463,0,1,2,3
2464,2464,0,1,2,3
2465,2465,0,1,2,3
2466,2466,0,1,2,3
2467,2467,0,1,2,3
2468,2468,0,1,2,3
2469,2469,0,1,2,3
2470,2470,0,1,2,3
2471,2471,0,1,2,3
2472,2472,0,1,2,3
2473,2473,0,1,2,3
2474,2474,0,1,2,3
2475,2475,0,1,2,3
2476,2476,0,1,2,3
2477,2477,0,1,2,3
2478,2478,0,1,2,3
2479,2479,0,1,2,3
2480,2480,0,1,2,3
2481,2481,0,1,2,3
2482,2482,0,1,2,3
2483,2483,0,1,2,3
2484,2484,0,1,2,3
2485,2485,0,1,2,3
2486,2486,0,1,2,3
2487,2487,0,1,2,3
2488,2488,0,1,2,3
2489,2489,0,1,2,3
2490,2490,0,1,2,3
2491,2491,0,1,2,3
2492,2492,0,1,2,3
2493,2493,0,1,2,3
2494,2494,0,1,2,3
2495,2495,0,1,2,3
2496,2496,0,1,2,3
2497,2497,0,1,2,3
2498,2498,0,1,2,3
2499,2499,0,1,2,3
2500,2500,0,1,2,3
2501,2501,0,1,2,3
2502,2502,0,1,2,3
2503,2503,0,1,2,3
2504,2504,0,1,2,3
2505,2505,0,1,2,3
2506,2506,0,1,2,3
2507,2507,0,1,2,3
2508,2508,0,1,2,3
2509,2509,0,1,2,3
2510,2510,0,1,2,3
2511,2511,0,1,2,3
2512,2512,0,1,2,3
2513,2513,0,1,2,3
2514,2514,0,1,2,3
2515,2515,0,1,2,3
2516,2516,0,1,2,3
2517,2517,0,1,2,3
2518,2518,0,1,2,3
2519,2519,0,1,2,3
2520,2520,0,1,2,3
2521,2521,0,1,2,3
2522,2522,0,1,2,3
2523,2523,0,1,2,3
2524,2524,0,1,2,3
2525,2525,0,1,2,3
2526,2526,0,1,2,3
2527,2527,0,1,2,3
2528,2528,0,1,2,3
2529,2529,0,1,2,3
2530,2530,0,1,2,3
2531,2531,0,1,2,3
2532,2532,0,1,2,3
2533,2533,0,1,2,3
2534,2534,0,1,2,3
2535,2535,0,1,2,3
2536,2536,0,1,2,3
2537,2537,0,1,2,3
2538,2538,0,1,2,3
2539,2539,0,1,2,3
2540,2540,0,1,2,3
2541,2541,0,1,2,3
2542,2542,0,1,2,3
2543,2543,0,1,2,3
2544,2544,0,1,2,3
2545,2545,0,1,2,3
2546,2546,0,1,2,3
2547,2547,0,1,2,3
2548,2548,0,1,2,3
2549,2549,0,1,2,3
2550,2550,0,1,2,3
2551,2551,0,1,2,3
2552,2552,0,1,2,3
2553,2553,0,1,2,3
2554,2554,0,1,2,3
2555,2555,0,1,2,3
2556,2556,0,1,2,3
2557,2557,0,1,2,3
2558,2558,0,1,2,3
2559,2559,0,1,2,3
2560,2560,0,1,2,3
2561,2561,0,1,2,3
2562,2562,0,1,2,3
2563,2563,0,1,2,3
2564,2564,0,1,2,3
2565,2565,0,1,2,3
2566,2566,0,1,2,3
2567,2567,0,1,2,3
2568,2568,0,1,2,3
2569,2569,0,1,2,3
2570,2570,0,1,2,3
2571,2571,0,1,2,3
2572,2572,0,1,2,3
2573,2573,0,1,2,3
2574,2574,0,1,2,3
2575,2575,0,1,2,3
2576,2576,0,1,2,3
2577,2577,0,1,2,3
2578,2578,0,1,2,3
2579,2579,0,1,2,3
2580,2580,0,1,2,3
2581,2581,0,1,2,3
2582,2582,0,1,2,3
2583,2583,0,1,2,3
2584,2584,0,1,2,3
2585,2585,0,1,2,3
2586,2586,0,1,2,3
2587,2587,0,1,2,3
2588,2588,0,1,2,3
2589,2589,0,1,2,3
2590,2590,0,1,2,3
2591,2591,0,1,2,3
2592,2592,0,1,2,3
2593,2593,0,1,2,3
2594,2594,0,1,2,3
2595,2595,0,1,2,3
2596,2596,0,1,2,3
2597,2597,0,1,2,3
2598,2598,0,1,2,3
2599,2599,0,1,2,3
2600,2600,0,1,2,3
2601,2601,0,1,2,3
2602,2602,0,1,2,3
2603,2603,0,1,2,3
2604,2604,0,1,2,3
2605,2605,0,1,2,3
2606,2606,0,1,2,3
2607,2607,0,1,2,3
2608,2608,0,1,2,3
2609,2609,0,1,2,3
2610,2610,0,1,2,3
2611,2611,0,1,2,3
2612,2612,0,1,2,3
2613,2613,0,1,2,3
2614,2614,0,1,2,3
2615,2615,0,1,2,3
2616,2616,0,1,2,3
2617,2617,0,1,2,3
2618,2618,0,1,2,3
2619,2619,0,1,2,3
2620,2620,0,1,2,3
2621,2621,0,1,2,3
2622,2622,0,1,2,3
2623,2623,0,1,2,3
2624,2624,0,1,2,3
2625,2625,0,1,2,3
2626,2626,0,1,2,3
2627,2627,0,1,2,3
2628,2628,0,1,2,3
2629,2629,0,1,2,3
2630,2630,0,1,2,3
2631,2631,0,1,2,3
2632,2632,0,1,2,3
2633,2633,0,1,2,3
2634,2634,0,1,2,3
2635,2635,0,1,2,3
2636,2636,0,1,2,3
2637,2637,0,1,2,3
2638,2638,0,1,2,3
2639,2639,0,1,2,3
2640,2640,0,1,2,3
2641,2641,0,1,2,3
2642,2642,0,1,2,3
2643,2643,0,1,2,3
2644,2644,0,1,2,3
2645,2645,0,1,2,3
2646,2646,0,1,2,3
2647,2647,0,1,2,3
2648,2648,0,1,2,3
2649,2649,0,1,2,3
2650,2650,0,1,2,3
2651,2651,0,1,2,3
2652,2652,0,1,2,3
2653,2653,0,1,2,3
2654,2654,0,1,2,3
2655,2655,0,1,2,3
2656,2656,0,1,2,3
2657,2657,0,1,2,3
2658,2658,0,1,2,3
2659,2659,0,1,2,3
2660,2660,0,1,2,3
2661,2661,0,1,2,3
2662,2662,0,1,2,3
2663,2663,0,1,2,3
2664,2664,0,1,2,3
2665,2665,0,1,2,3
2666,2666,0,1,2,3
2667,2667,0,1,2,3
2668,2668,0,1,2,3
2669,2669,0,1,2,3
2670,2670,0,1,2,3
2671,2671,0,1,2,3
2672,2672,0,1,2,3
2673,2673,0,1,2,3
2674,2674,0,1,2,3
2675,2675,0,1,2,3
2676,2676,0,1,2,3
2677,2677,0,1,2,3
2678,2678,0,1,2,3
2679,2679,0,1,2,3
2680,2680,0,1,2,3
2681,2681,0,1,2,3
2682,2682,0,1,2,3
2683,2683,0,1,2,3
2684,2684,0,1,2,3
2685,2685,0,1,2,3
2686,2686,0,1,2,3
2687,2687,0,1,2,3
2688,2688,0,1,2,3
2689,2689,0,1,2,3
2690,2690,0,1,2,3
2691,2691,0,1,2,3
2692,2692,0,1,2,3
2693,2693,0,1,2,3
2694,2694,0,1,2,3
2695,2695,0,1,2,3
2696,2696,0,1,2,3
2697,2697,0,1,2,3
2698,2698,0,1,2,3
2699,2699,0,1,2,3
2700,2700,0,1,2,3
2701,2701,0,1,2,3
2702,2702,0,1,2,3
2703,2703,0,1,2,3
2704,2704,0,1,2,3
2705,2705,0,1,2,3
2706,2706,0,1,2,3
2707,2707,0,1,2,3
2708,2708,0,1,2,3
2709,2709,0,1,2,3
2710,2710,0,1,2,3
2711,2711,0,1,2,3
2712,2712,0,1,2,3
2713,2713,0,1,2,3
2714,2714,0,1,2,3
2715,2715,0,1,2,3
2716,2716,0,1,2,3
2717,2717,0,1,2,3
2718,2718,0,1,2,3
2719,2719,0,1,2,3
2720,2720,0,1,2,3
2721,2721,0,1,2,3
2722,2722,0,1,2,3
2723,2723,0,1,2,3
2724,2724,0,1,2,3
2725,2725,0,1,2,3
2726,2726,0,1,2,3
2727,2727,0,1,2,3
2728,2728,0,1,2,3
2729,2729,0,1,2,3
2730,2730,0,1,2,3
2731,2731,0,1,2,3
2732,2732,0,1,2,3
2733,2733,0,1,2,3
2734,2734,0,1,2,3
2735,2735,0,1,2,3
2736,2736,0,1,2,3
2737,2737,0,1,2,3
2738,2738,0,1,2,3
2739,2739,0,1,2,3
2740,2740,0,1,2,3
2741,2741,0,1,2,3
2742,2742,0,1,2,3
2743,2743,0,1,2,3
2744,2744,0,1,2,3
2745,2745,0,1,2,3
2746,2746,0,1,2,3
2747,2747,0,1,2,3
2748,2748,0,1,2,3
2749,2749,0,1,2,3
2750,2750,0,1,2,3
2751,2751,0,1,2,3
2752,2752,0,1,2,3
2753,2753,0,1,2,3
2754,2754,0,1,2,3
2755,2755,0,1,2,3
2756,2756,0,1,2,3
2757,2757,0,1,2,3
2758,2758,0,1,2,3
2759,2759,0,1,2,3
2760,2760,0,1,2,3
2761,2761,0,1,2,3
2762,2762,0,1,2,3
2763,2763,0,1,2,3
2764,2764,0,1,2,3
2765,2765,0,1,2,3
2766,2766,0,1,2,3
2767,2767,0,1,2,3
2768,2768,0,1,2,3
2769,2769,0,1,2,3
2770,2770,0,1,2,3
2771,2771,0,1,2,3
2772,2772,0,1,2,3
2773,2773,0,1,2,3
2774,2774,0,1,2,3
2775,2775,0,1,2,3
2776,2776,0,1,2,3
2777,2777,0,1,2,3
2778,2778,0,1,2,3
2779,2779,0,1,2,3
2780,2780,0,1,2,3
2781,2781,0,1,2,3
2782,2782,0,1,2,3
2783,2783,0,1,2,3
2784,2784,0,1,2,3
2785,2785,0,1,2,3
2786,2786,0,1,2,3
2787,2787,0,1,2,3
2788,2788,0,1,2,3
2789,2789,0,1,2,3
2790,2790,0,1,2,3
2791,2791,0,1,2,3
2792,2792,0,1,2,3
2793,2793,0,1,2,3
2794,2794,0,1,2,3
2795,2795,0,1,2,3
2796,2796,0,1,2,3
2797,2797,0,1,2,3
2798,2798,0,1,2,3
2799,2799,0,1,2,3
2800,2800,0,1,2,3
2801,2801,0,1,2,3
2802,2802,0,1,2,3
2803,2803,0,1,2,3
2804,2804,0,1,2,3
2805,2805,0,1,2,3
2806,2806,0,1,2,3
2807,2807,0,1,2,3
2808,2808,0,1,2,3
2809,2809,0,1,2,3
2810,2810,0,1,2,3
2811,2811,0,1,2,3
2812,2812,0,1,2,3
2813,2813,0,1,2,3
2814,2814,0,1,2,3
2815,2815,0,1,2,3
2816,2816,0,1,2,3
2817,2817,0,1,2,3
2818,2818,0,1,2,3
2819,2819,0,1,2,3
2820,2820,0,1,2,3
2821,2821,0,1,2,3
2822,2822,0,1,2,3
2823,2823,0,1,2,3
2824,2824,0,1,2,3
2825,2825,0,1,2,3
2826,2826,0,1,2,3
2827,2827,0,1,2,3
2828,2828,0,1,2,3
2829,2829,0,1,2,3
2830,2830,0,1,2,3
2831,2831,0,1,2,3
2832,2832,0,1,2,3
2833,2833,0,1,2,3
2834,2834,0,1,2,3
2835,2835,0,1,2,3
2836,2836,0,1,2,3
2837,2837,0,1,2,3
2838,2838,0,1,2,3
2839,2839,0,1,2,3
2840,2840,0,1,2,3
2841,2841,0,1,2,3
2842,2842,0,1,2,3
2843,2843,0,1,2,3
2844,2844,0,1,2,3
2845,2845,0,1,2,3
2846,2846,0,1,2,3
2847,2847,0,1,2,3
2848,2848,0,1,2,3
2849,2849,0,1,2,3
2850,2850,0,1,2,3
2851,2851,0,1,2,3
2852,2852,0,1,2,3
2853,2853,0,1,2,3
2854,2854,0,1,2,3
2855,2855,0,1,2,3
2856,2856,0,1,2,3
2857,2857,0,1,2,3
2858,2858,0,1,2,3
2859,2859,0,1,2,3
2860,2860,0,1,2,3
2861,2861,0,1,2,3
2862,2862,0,1,2,3
2863,2863,0,1,2,3
2864,2864,0,1,2,3
2865,2865,0,1,2,3
2866,2866,0,1,2,3
2867,2867,0,1,2,3
2868,2868,0,1,2,3
2869,2869,0,1,2,3
2870,2870,0,1,2,3
2871,2871,0,1,2,3
2872,2872,0,1,2,3
2873,2873,0,1,2,3
2874,2874,0,1,2,3
2875,2875,0,1,2,3
2876,2876,0,1,2,3
2877,2877,0,1,2,3
2878,2878,0,1,2,3
2879,2879,0,1,2,3
2880,2880,0,1,2,3
2881,2881,0,1,2,3
2882,2882,0,1,2,3
2883,2883,0,1,2,3
2884,2884,0,1,2,3
2885,2885,0,1,2,3
2886,2886,0,1,2,3
2887,2887,0,1,2,3
2888,2888,0,1,2,3
2889,2889,0,1,2,3
2890,2890,0,1,2,3
2891,2891,0,1,2,3
2892,2892,0,1,2,3
2893,2893,0,1,2,3
2894,2894,0,1,2,3
2895,2895,0,1,2,3
2896,2896,0,1,2,3
2897,2897,0,1,2,3
2898,2898,0,1,2,3
2899,2899,0,1,2,3
2900,2900,0,1,2,3
2901,2901,0,1,2,3
2902,2902,0,1,2,3
2903,2903,0,1,2,3
2904,2904,0,1,2,3
2905,2905,0,1,2,3
2906,2906,0,1,2,3
2907,2907,0,1,2,3
2908,2908,0,1,2,3
2909,2909,0,1,2,3
2910,2910,0,1,2,3
2911,2911,0,1,2,3
2912,2912,0,1,2,3
2913,2913,0,1,2,3
2914,2914,0,1,2,3
2915,2915,0,1,2,3
2916,2916,0,1,2,3
2917,2917,0,1,2,3
2918,2918,0,1,2,3
2919,2919,0,1,2,3
2920,2920,0,1,2,3
2921,2921,0,1,2,3
2922,2922,0,1,2,3
2923,2923,0,1,2,3
2924,2924,0,1,2,3
2925,2925,0,1,2,3
2926,2926,0,1,2,3
2927,2927,0,1,2,3
2928,2928,0,1,2,3
2929,2929,0,1,2,3
2930,2930,0,1,2,3
2931,2931,0,1,2,3
2932,2932,0,1,2,3
2933,2933,0,1,2,3
2934,2934,0,1,2,3
2935,2935,0,1,2,3
2936,2936,0,1,2,3
2937,2937,0,1,2,3
2938,2938,0,1,2,3
2939,2939,0,1,2,3
2940,2940,0,1,2,3
2941,2941,0,1,2,3
2942,2942,0,1,2,3
2943,2943,0,1,2,3
2944,2944,0,1,2,3
2945,2945,0,1,2,3
2946,2946,0,1,2,3
2947,2947,0,1,2,3
2948,2948,0,1,2,3
2949,2949,0,1,2,3
2950,2950,0,1,2,3
2951,2951,0,1,2,3
2952,2952,0,1,2,3
2953,2953,0,1,2,3
2954,2954,0,1,2,3
2955,2955,0,1,2,3
2956,2956,0,1,2,3
2957,2957,0,1,2,3
2958,2958,0,1,2,3
2959,2959,0,1,2,3
2960,2960,0,1,2,3
2961,2961,0,1,2,3
2962,2962,0,1,2,3
2963,2963,0,1,2,3
2964,2964,0,1,2,3
2965,2965,0,1,2,3
2966,2966,0,1,2,3
2967,2967,0,1,2,3
2968,2968,0,1,2,3
2969,2969,0,1,2,3
2970,2970,0,1,2,3
2971,2971,0,1,2,3
2972,2972,0,1,2,3
2973,2973,0,1,2,3
2974,2974,0,1,2,3
2975,2975,0,1,2,3
2976,2976,0,1,2,3
2977,2977,0,1,2,3
2978,2978,0,1,2,3
2979,2979,0,1,2,3
2980,2980,0,1,2,3
2981,2981,0,1,2,3
2982,2982,0,1,2,3
2983,2983,0,1,2,3
2984,2984,0,1,2,3
2985,2985,0,1,2,3
2986,2986,0,1,2,3
2987,2987,0,1,2,3
2988,2988,0,1,2,3
2989,2989,0,1,2,3
2990,2990,0,1,2,3
2991,2991,0,1,2,3
2992,2992,0,1,2,3
2993,2993,0,1,2,3
2994,2994,0,1,2,3
2995,2995,0,1,2,3
2996,2996,0,1,2,3
2997,2997,0,1,2,3
2998,2998,0,1,2,3
2999,2999,0,1,2,3
3000,3000,0,1,2,3
3001,3001,0,1,2,3
3002,3002,0,1,2,3
3003,3003,0,1,2,3
3004,3004,0,1,2,3
3005,3005,0,1,2,3
3006,3006,0,1,2,3
3007,3007,0,1,2,3
3008,3008,0,1,2,3
3009,3009,0,1,2,3
3010,3010,0,1,2,3
3011,3011,0,1,2,3
3012,3012,0,1,2,3
3013,3013,0,1,2,3
3014,3014,0,1,2,3
3015,3015,0,1,2,3
3016,3016,0,1,2,3
3017,3017,0,1,2,3
3018,3018,0,1,2,3
3019,3019,0,1,2,3
3020,3020,0,1,2,3
3021,3021,0,1,2,3
3022,3022,0,1,2,3
3023,3023,0,1,2,3
3024,3024,0,1,2,3
3025,3025,0,1,2,3
3026,3026,0,1,2,3
3027,3027,0,1,2,3
3028,3028,0,1,2,3
3029,3029,0,1,2,3
3030,3030,0,1,2,3
3031,3031,0,1,2,3
3032,3032,0,1,2,3
3033,3033,0,1,2,3
3034,3034,0,1,2,3
3035,3035,0,1,2,3
3036,3036,0,1,2,3
3037,3037,0,1,2,3
3038,3038,0,1,2,3
3039,3039,0,1,2,3
3040,3040,0,1,2,3
3041,3041,0,1,2,3
3042,3042,0,1,2,3
3043,3043,0,1,2,3
3044,3044,0,1,2,3
3045,3045,0,1,2,3
3046,3046,0,1,2,3
3047,3047,0,1,2,3
3048,3048,0,1,2,3
3049,3049,0,1,2,3
3050,3050,0,1,2,3
3051,3051,0,1,2,3
3052,3052,0,1,2,3
3053,3053,0,1,2,3
3054,3054,0,1,2,3
3055,3055,0,1,2,3
3056,3056,0,1,2,3
3057,3057,0,1,2,3
3058,3058,0,1,2,3
3059,3059,0,1,2,3
3060,3060,0,1,2,3
3061,3061,0,1,2,3
3062,3062,0,1,2,3
3063,3063,0,1,2,3
3064,3064,0,1,2,3
3065,3065,0,1,2,3
3066,3066,0,1,2,3
3067,3067,0,1,2,3
3068,3068,0,1,2,3
3069,3069,0,1,2,3
3070,3070,0,1,2,3
3071,3071,0,1,2,3
3072,3072,0,1,2,3
3073,3073,0,1,2,3
3074,3074,0,1,2,3
3075,3075,0,1,2,3
3076,3076,0,1,2,3
3077,3077,0,1,2,3
3078,3078,0,1,2,3
3079,3079,0,1,2,3
3080,3080,0,1,2,3
3081,3081,0,1,2,3
3082,3082,0,1,2,3
3083,3083,0,1,2,3
3084,3084,0,1,2,3
3085,3085,0,1,2,3
3086,3086,0,1,2,3
3087,3087,0,1,2,3
3088,3088,0,1,2,3
3089,3089,0,1,2,3
3090,3090,0,1,2,3
3091,3091,0,1,2,3
3092,3092,0,1,2,3
3093,3093,0,1,2,3
3094,3094,0,1,2,3
3095,3095,0,1,2,3
3096,3096,0,1,2,3
3097,3097,0,1,2,3
3098,3098,0,1,2,3
3099,3099,0,1,2,3
3100,3100,0,1,2,3
3101,3101,0,1,2,3
3102,3102,0,1,2,3
3103,3103,0,1,2,3
3104,3104,0,1,2,3
3105,3105,0,1,2,3
3106,3106,0,1,2,3
3107,3107,0,1,2,3
3108,3108,0,1,2,3
3109,3109,0,1,2,3
3110,3110,0,1,2,3
3111,3111,0,1,2,3
3112,3112,0,1,2,3
3113,3113,0,1,2,3
3114,3114,0,1,2,3
3115,3115,0,1,2,3
3116,3116,0,1,2,3
3117,3117,0,1,2,3
3118,3118,0,1,2,3
3119,3119,0,1,2,3
3120,3120,0,1,2,3
3121,3121,0,1,2,3
3122,3122,0,1,2,3
3123,3123,0,1,2,3
3124,3124,0,1,2,3
3125,3125,0,1,2,3
3126,3126,0,1,2,3
3127,3127,0,1,2,3
3128,3128,0,1,2,3
3129,3129,0,1,2,3
3130,3130,0,1,2,3
3131,3131,0,1,2,3
3132,3132,0,1,2,3
3133,3133,0,1,2,3
3134,3134,0,1,2,3
3135,3135,0,1,2,3
3136,3136,0,1,2,3
3137,3137,0,1,2,3
3138,3138,0,1,2,3
3139,3139,0,1,2,3
3140,3140,0,1,2,3
3141,3141,0,1,2,3
3142,3142,0,1,2,3
3143,3143,0,1,2,3
3144,3144,0,1,2,3
3145,3145,0,1,2,3
3146,3146,0,1,2,3
3147,3147,0,1,2,3
3148,3148,0,1,2,3
3149,3149,0,1,2,3
3150,3150,0,1,2,3
3151,3151,0,1,2,3
3152,3152,0,1,2,3
3153,3153,0,1,2,3
3154,3154,0,1,2,3
3155,3155,0,1,2,3
3156,3156,0,1,2,3
3157,3157,0,1,2,3
3158,3158,0,1,2,3
3159,3159,0,1,2,3
3160,3160,0,1,2,3
3161,3161,0,1,2,3
3162,3162,0,1,2,3
3163,3163,0,1,2,3
3164,3164,0,1,2,3
3165,3165,0,1,2,3
3166,3166,0,1,2,3
3167,3167,0,1,2,3
3168,3168,0,1,2,3
3169,3169,0,1,2,3
3170,3170,0,1,2,3
3171,3171,0,1,2,3
3172,3172,0,1,2,3
3173,3173,0,1,2,3
3174,3174,0,1,2,3
3175,3175,0,1,2,3
3176,3176,0,1,2,3
3177,3177,0,1,2,3
3178,3178,0,1,2,3
3179,3179,0,1,2,3
3180,3180,0,1,2,3
3181,3181,0,1,2,3
3182,3182,0,1,2,3
3183,3183,0,1,2,3
3184,3184,0,1,2,3
3185,3185,0,1,2,3
3186,3186,0,1,2,3
3187,3187,0,1,2,3
3188,3188,0,1,2,3
3189,3189,0,1,2,3
3190,3190,0,1,2,3
3191,3191,0,1,2,3
3192,3192,0,1,2,3
3193,3193,0,1,2,3
3194,3194,0,1,2,3
3195,3195,0,1,2,3
3196,3196,0,1,2,3
3197,3197,0,1,2,3
3198,3198,0,1,2,3
3199,3199,0,1,2,3
3200,3200,0,1,2,3
3201,3201,0,1,2,3
3202,3202,0,1,2,3
3203,3203,0,1,2,3
3204,3204,0,1,2,3
3205,3205,0,1,2,3
3206,3206,0,1,2,3
3207,3207,0,1,2,3
3208,3208,0,1,2,3
3209,3209,0,1,2,3
3210,3210,0,1,2,3
3211,3211,0,1,2,3
3212,3212,0,1,2,3
3213,3213,0,1,2,3
3214,3214,0,1,2,3
3215,3215,0,1,2,3
3216,3216,0,1,2,3
3217,3217,0,1,2,3
3218,3218,0,1,2,3
3219,3219,0,1,2,3
3220,3220,0,1,2,3
3221,3221,0,1,2,3
3222,3222,0,1,2,3
3223,3223,0,1,2,3
3224,3224,0,1,2,3
3225,3225,0,1,2,3
3226,3226,0,1,2,3
3227,3227,0,1,2,3
3228,3228,0,1,2,3
3229,3229,0,1,2,3
3230,3230,0,1,2,3
3231,3231,0,1,2,3
3232,3232,0,1,2,3
3233,3233,0,1,2,3
3234,3234,0,1,2,3
3235,3235,0,1,2,3
3236,3236,0,1,2,3
3237,3237,0,1,2,3
3238,3238,0,1,2,3
3239,3239,0,1,2,3
3240,3240,0,1,2,3
3241,3241,0,1,2,3
3242,3242,0,1,2,3
3243,3243,0,1,2,3
3244,3244,0,1,2,3
3245,3245,0,1,2,3
3246,3246,0,1,2,3
3247,3247,0,1,2,3
3248,3248,0,1,2,3
3249,3249,0,1,2,3
3250,3250,0,1,2,3
3251,3251,0,1,2,3
3252,3252,0,1,2,3
3253,3253,0,1,2,3
3254,3254,0,1,2,3
3255,3255,0,1,2,3
3256,3256,0,1,2,3
3257,3257,0,1,2,3
3258,3258,0,1,2,3
3259,3259,0,1,2,3
3260,3260,0,1,2,3
3261,3261,0,1,2,3
3262,3262,0,1,2,3
3263,3263,0,1,2,3
3264,3264,0,1,2,3
3265,3265,0,1,2,3
3266,3266,0,1,2,3
3267,3267,0,1,2,3
3268,3268,0,1,2,3
3269,3269,0,1,2,3
3270,3270,0,1,2,3
3271,3271,0,1,2,3
3272,3272,0,1,2,3
3273,3273,0,1,2,3
3274,3274,0,1,2,3
3275,3275,0,1,2,3
3276,3276,0,1,2,3
3277,3277,0,1,2,3
3278,3278,0,1,2,3
3279,3279,0,1,2,3
3280,3280,0,1,2,3
3281,3281,0,1,2,3
3282,3282,0,1,2,3
3283,3283,0,1,2,3
3284,3284,0,1,2,3
3285,3285,0,1,2,3
3286,3286,0,1,2,3
3287,3287,0,1,2,3
3288,3288,0,1,2,3
3289,3289,0,1,2,3
3290,3290,0,1,2,3
3291,3291,0,1,2,3
3292,3292,0,1,2,3
3293,3293,0,1,2,3
3294,3294,0,1,2,3
3295,3295,0,1,2,3
3296,3296,0,1,2,3
3297,3297,0,1,2,3
3298,3298,0,1,2,3
3299,3299,0,1,2,3
3300,3300,0,1,2,3
3301,3301,0,1,2,3
3302,3302,0,1,2,3
3303,3303,0,1,2,3
3304,3304,0,1,2,3
3305,3305,0,1,2,3
3306,3306,0,1,2,3
3307,3307,0,1,2,3
3308,3308,0,1,2,3
3309,3309,0,1,2,3
3310,3310,0,1,2,3
3311,3311,0,1,2,3
3312,3312,0,1,2,3
3313,3313,0,1,2,3
3314,3314,0,1,2,3
3315,3315,0,1,2,3
3316,3316,0,1,2,3
3317,3317,0,1,2,3
3318,3318,0,1,2,3
3319,3319,0,1,2,3
3320,3320,0,1,2,3
3321,3321,0,1,2,3
3322,3322,0,1,2,3
3323,3323,0,1,2,3
3324,3324,0,1,2,3
3325,3325,0,1,2,3
3326,3326,0,1,2,3
3327,3327,0,1,2,3
3328,3328,0,1,2,3
3329,3329,0,1,2,3
3330,3330,0,1,2,3
3331,3331,0,1,2,3
3332,3332,0,1,2,3
3333,3333,0,1,2,3
3334,3334,0,1,2,3
3335,3335,0,1,2,3
3336,3336,0,1,2,3
3337,3337,0,1,2,3
3338,3338,0,1,2,3
3339,3339,0,1,2,3
3340,3340,0,1,2,3
3341,3341,0,1,2,3
3342,3342,0,1,2,3
3343,3343,0,1,2,3
3344,3344,0,1,2,3
3345,3345,0,1,2,3
3346,3346,0,1,2,3
3347,3347,0,1,2,3
3348,3348,0,1,2,3
3349,3349,0,1,2,3
3350,3350,0,1,2,3
3351,3351,0,1,2,3
3352,3352,0,1,2,3
3353,3353,0,1,2,3
3354,3354,0,1,2,3
3355,3355,0,1,2,3
3356,3356,0,1,2,3
3357,3357,0,1,2,3
3358,3358,0,1,2,3
3359,3359,0,1,2,3
3360,3360,0,1,2,3
3361,3361,0,1,2,3
3362,3362,0,1,2,3
3363,3363,0,1,2,3
3364,3364,0,1,2,3
3365,3365,0,1,2,3
3366,3366,0,1,2,3
3367,3367,0,1,2,3
3368,3368,0,1,2,3
3369,3369,0,1,2,3
3370,3370,0,1,2,3
3371,3371,0,1,2,3
3372,3372,0,1,2,3
3373,3373,0,1,2,3
3374,3374,0,1,2,3
3375,3375,0,1,2,3
3376,3376,0,1,2,3
3377,3377,0,1,2,3
3378,3378,0,1,2,3
3379,3379,0,1,2,3
3380,3380,0,1,2,3
3381,3381,0,1,2,3
3382,3382,0,1,2,3
3383,3383,0,1,2,3
3384,3384,0,1,2,3
3385,3385,0,1,2,3
3386,3386,0,1,2,3
3387,3387,0,1,2,3
3388,3388,0,1,2,3
3389,3389,0,1,2,3
3390,3390,0,1,2,3
3391,3391,0,1,2,3
3392,3392,0,1,2,3
3393,3393,0,1,2,3
3394,3394,0,1,2,3
3395,3395,0,1,2,3
3396,3396,0,1,2,3
3397,3397,0,1,2,3
3398,3398,0,1,2,3
3399,3399,0,1,2,3
3400,3400,0,1,2,3
3401,3401,0,1,2,3
3402,3402,0,1,2,3
3403,3403,0,1,2,3
3404,3404,0,1,2,3
3405,3405,0,1,2,3
3406,3406,0,1,2,3
3407,3407,0,1,2,3
3408,3408,0,1,2,3
3409,3409,0,1,2,3
3410,3410,0,1,2,3
3411,3411,0,1,2,3
3412,3412,0,1,2,3
3413,3413,0,1,2,3
3414,3414,0,1,2,3
3415,3415,0,1,2,3
3416,3416,0,1,2,3
3417,3417,0,1,2,3
3418,3418,0,1,2,3
3419,3419,0,1,2,3
3420,3420,0,1,2,3
3421,3421,0,1,2,3
3422,3422,0,1,2,3
3423,3423,0,1,2,3
3424,3424,0,1,2,3
3425,3425,0,1,2,3
3426,3426,0,1,2,3
3427,3427,0,1,2,3
3428,3428,0,1,2,3
3429,3429,0,1,2,3
3430,3430,0,1,2,3
3431,3431,0,1,2,3
3432,3432,0,1,2,3
3433,3433,0,1,2,3
3434,3434,0,1,2,3
3435,3435,0,1,2,3
3436,3436,0,1,2,3
3437,3437,0,1,2,3
3438,3438,0,1,2,3
3439,3439,0,1,2,3
3440,3440,0,1,2,3
3441,3441,0,1,2,3
3442,3442,0,1,2,3
3443,3443,0,1,2,3
3444,3444,0,1,2,3
3445,3445,0,1,2,3
3446,3446,0,1,2,3
3447,3447,0,1,2,3
3448,3448,0,1,2,3
3449,3449,0,1,2,3
3450,3450,0,1,2,3
3451,3451,0,1,2,3
3452,3452,0,1,2,3
3453,3453,0,1,2,3
3454,3454,0,1,2,3
3455,3455,0,1,2,3
3456,3456,0,1,2,3
3457,3457,0,1,2,3
3458,3458,0,1,2,3
3459,3459,0,1,2,3
3460,3460,0,1,2,3
3461,3461,0,1,2,3
3462,3462,0,1,2,3
3463,3463,0,1,2,3
3464,3464,0,1,2,3
3465,3465,0,1,2,3
3466,3466,0,1,2,3
3467,3467,0,1,2,3
3468,3468,0,1,2,3
3469,3469,0,1,2,3
3470,3470,0,1,2,3
3471,3471,0,1,2,3
3472,3472,0,1,2,3
3473,3473,0,1,2,3
3474,3474,0,1,2,3
3475,3475,0,1,2,3
3476,3476,0,1,2,3
3477,3477,0,1,2,3
3478,3478,0,1,2,3
3479,3479,0,1,2,3
3480,3480,0,1,2,3
3481,3481,0,1,2,3
3482,3482,0,1,2,3
3483,3483,0,1,2,3
3484,3484,0,1,2,3
3485,3485,0,1,2,3
3486,3486,0,1,2,3
3487,3487,0,1,2,3
3488,3488,0,1,2,3
3489,3489,0,1,2,3
3490,3490,0,1,2,3
3491,3491,0,1,2,3
3492,3492,0,1,2,3
3493,3493,0,1,2,3
3494,3494,0,1,2,3
3495,3495,0,1,2,3
3496,3496,0,1,2,3
3497,3497,0,1,2,3
3498,3498,0,1,2,3
3499,3499,0,1,2,3
3500,3500,0,1,2,3
3501,3501,0,1,2,3
3502,3502,0,1,2,3
3503,3503,0,1,2,3
3504,3504,0,1,2,3
3505,3505,0,1,2,3
3506,3506,0,1,2,3
3507,3507,0,1,2,3
3508,3508,0,1,2,3
3509,3509,0,1,2,3
3510,3510,0,1,2,3
3511,3511,0,1,2,3
3512,3512,0,1,2,3
3513,3513,0,1,2,3
3514,3514,0,1,2,3
3515,3515,0,1,2,3
3516,3516,0,1,2,3
3517,3517,0,1,2,3
3518,3518,0,1,2,3
3519,3519,0,1,2,3
3520,3520,0,1,2,3
3521,3521,0,1,2,3
3522,3522,0,1,2,3
3523,3523,0,1,2,3
3524,3524,0,1,2,3
3525,3525,0,1,2,3
3526,3526,0,1,2,3
3527,3527,0,1,2,3
3528,3528,0,1,2,3
3529,3529,0,1,2,3
3530,3530,0,1,2,3
3531,3531,0,1,2,3
3532,3532,0,1,2,3
3533,3533,0,1,2,3
3534,3534,0,1,2,3
3535,3535,0,1,2,3
3536,3536,0,1,2,3
3537,3537,0,1,2,3
3538,3538,0,1,2,3
3539,3539,0,1,2,3
3540,3540,0,1,2,3
3541,3541,0,1,2,3
3542,3542,0,1,2,3
3543,3543,0,1,2,3
3544,3544,0,1,2,3
3545,3545,0,1,2,3
3546,3546,0,1,2,3
3547,3547,0,1,2,3
3548,3548,0,1,2,3
3549,3549,0,1,2,3
3550,3550,0,1,2,3
3551,3551,0,1,2,3
3552,3552,0,1,2,3
3553,3553,0,1,2,3
3554,3554,0,1,2,3
3555,3555,0,1,2,3
3556,3556,0,1,2,3
3557,3557,0,1,2,3
3558,3558,0,1,2,3
3559,3559,0,1,2,3
3560,3560,0,1,2,3
3561,3561,0,1,2,3
3562,3562,0,1,2,3
3563,3563,0,1,2,3
3564,3564,0,1,2,3
3565,3565,0,1,2,3
3566,3566,0,1,2,3
3567,3567,0,1,2,3
3568,3568,0,1,2,3
3569,3569,0,1,2,3
3570,3570,0,1,2,3
3571,3571,0,1,2,3
3572,3572,0,1,2,3
3573,3573,0,1,2,3
3574,3574,0,1,2,3
3575,3575,0,1,2,3
3576,3576,0,1,2,3
3577,3577,0,1,2,3
3578,3578,0,1,2,3
3579,3579,0,1,2,3
3580,3580,0,1,2,3
3581,3581,0,1,2,3
3582,3582,0,1,2,3
3583,3583,0,1,2,3
3584,3584,0,1,2,3
3585,3585,0,1,2,3
3586,3586,0,1,2,3
3587,3587,0,1,2,3
3588,3588,0,1,2,3
3589,3589,0,1,2,3
3590,3590,0,1,2,3
3591,3591,0,1,2,3
3592,3592,0,1,2,3
3593,3593,0,1,2,3
3594,3594,0,1,2,3
3595,3595,0,1,2,3
3596,3596,0,1,2,3
3597,3597,0,1,2,3
3598,3598,0,1,2,3
3599,3599,0,1,2,3
3600,3600,0,1,2,3
3601,3601,0,1,2,3
3602,3602,0,1,2,3
3603,3603,0,1,2,3
3604,3604,0,1,2,3
3605,3605,0,1,2,3
3606,3606,0,1,2,3
3607,3607,0,1,2,3
3608,3608,0,1,2,3
3609,3609,0,1,2,3
3610,3610,0,1,2,3
3611,3611,0,1,2,3
3612,3612,0,1,2,3
3613,3613,0,1,2,3
3614,3614,0,1,2,3
3615,3615,0,1,2,3
3616,3616,0,1,2,3
3617,3617,0,1,2,3
3618,3618,0,1,2,3
3619,3619,0,1,2,3
3620,3620,0,1,2,3
3621,3621,0,1,2,3
3622,3622,0,1,2,3
3623,3623,0,1,2,3
3624,3624,0,1,2,3
3625,3625,0,1,2,3
3626,3626,0,1,2,3
3627,3627,0,1,2,3
3628,3628,0,1,2,3
3629,3629,0,1,2,3
3630,3630,0,1,2,3
3631,3631,0,1,2,3
3632,3632,0,1,2,3
3633,3633,0,1,2,3
3634,3634,0,1,2,3
3635,3635,0,1,2,3
3636,3636,0,1,2,3
3637,3637,0,1,2,3
3638,3638,0,1,2,3
3639,3639,0,1,2,3
3640,3640,0,1,2,3
3641,3641,0,1,2,3
3642,3642,0,1,2,3
3643,3643,0,1,2,3
3644,3644,0,1,2,3
3645,3645,0,1,2,3
3646,3646,0,1,2,3
3647,3647,0,1,2,3
3648,3648,0,1,2,3
3649,3649,0,1,2,3
3650,3650,0,1,2,3
3651,3651,0,1,2,3
3652,3652,0,1,2,3
3653,3653,0,1,2,3
3654,3654,0,1,2,3
3655,3655,0,1,2,3
3656,3656,0,1,2,3
3657,3657,0,1,2,3
3658,3658,0,1,2,3
3659,3659,0,1,2,3
3660,3660,0,1,2,3
3661,3661,0,1,2,3
3662,3662,0,1,2,3
3663,3663,0,1,2,3
3664,3664,0,1,2,3
3665,3665,0,1,2,3
3666,3666,0,1,2,3
3667,3667,0,1,2,3
3668,3668,0,1,2,3
3669,3669,0,1,2,3
3670,3670,0,1,2,3
3671,3671,0,1,2,3
3672,3672,0,1,2,3
3673,3673,0,1,2,3
3674,3674,0,1,2,3
3675,3675,0,1,2,3
3676,3676,0,1,2,3
3677,3677,0,1,2,3
3678,3678,0,1,2,3
3679,3679,0,1,2,3
3680,3680,0,1,2,3
3681,3681,0,1,2,3
3682,3682,0,1,2,3
3683,3683,0,1,2,3
3684,3684,0,1,2,3
3685,3685,0,1,2,3
3686,3686,0,1,2,3
3687,3687,0,1,2,3
3688,3688,0,1,2,3
3689,3689,0,1,2,3
3690,3690,0,1,2,3
3691,3691,0,1,2,3
3692,3692,0,1,2,3
3693,3693,0,1,2,3
3694,3694,0,1,2,3
3695,3695,0,1,2,3
3696,3696,0,1,2,3
3697,3697,0,1,2,3
3698,3698,0,1,2,3
3699,3699,0,1,2,3
3700,3700,0,1,2,3
3701,3701,0,1,2,3
3702,3702,0,1,2,3
3703,3703,0,1,2,3
3704,3704,0,1,2,3
3705,3705,0,1,2,3
3706,3706,0,1,2,3
3707,3707,0,1,2,3
3708,3708,0,1,2,3
3709,3709,0,1,2,3
3710,3710,0,1,2,3
3711,3711,0,1,2,3
3712,3712,0,1,2,3
3713,3713,0,1,2,3
3714,3714,0,1,2,3
3715,3715,0,1,2,3
3716,3716,0,1,2,3
3717,3717,0,1,2,3
3718,3718,0,1,2,3
3719,3719,0,1,2,3
3720,3720,0,1,2,3
3721,3721,0,1,2,3
3722,3722,0,1,2,3
3723,3723,0,1,2,3
3724,3724,0,1,2,3
3725,3725,0,1,2,3
3726,3726,0,1,2,3
3727,3727,0,1,2,3
3728,3728,0,1,2,3
3729,3729,0,1,2,3
3730,3730,0,1,2,3
3731,3731,0,1,2,3
3732,3732,0,1,2,3
3733,3733,0,1,2,3
3734,3734,0,1,2,3
3735,3735,0,1,2,3
3736,3736,0,1,2,3
3737,3737,0,1,2,3
3738,3738,0,1,2,3
3739,3739,0,1,2,3
3740,3740,0,1,2,3
3741,3741,0,1,2,3
3742,3742,0,1,2,3
3743,3743,0,1,2,3
3744,3744,0,1,2,3
3745,3745,0,1,2,3
3746,3746,0,1,2,3
3747,3747,0,1,2,3
3748,3748,0,1,2,3
3749,3749,0,1,2,3
3750,3750,0,1,2,3
3751,3751,0,1,2,3
3752,3752,0,1,2,3
3753,3753,0,1,2,3
3754,3754,0,1,2,3
3755,3755,0,1,2,3
3756,3756,0,1,2,3
3757,3757,0,1,2,3
3758,3758,0,1,2,3
3759,3759,0,1,2,3
3760,3760,0,1,2,3
3761,3761,0,1,2,3
3762,3762,0,1,2,3
3763,3763,0,1,2,3
3764,3764,0,1,2,3
3765,3765,0,1,2,3
3766,3766,0,1,2,3
3767,3767,0,1,2,3
3768,3768,0,1,2,3
3769,3769,0,1,2,3
3770,3770,0,1,2,3
3771,3771,0,1,2,3
3772,3772,0,1,2,3
3773,3773,0,1,2,3
3774,3774,0,1,2,3
3775,3775,0,1,2,3
3776,3776,0,1,2,3
3777,3777,0,1,2,3
3778,3778,0,1,2,3
3779,3779,0,1,2,3
3780,3780,0,1,2,3
3781,3781,0,1,2,3
3782,3782,0,1,2,3
3783,3783,0,1,2,3
3784,3784,0,1,2,3
3785,3785,0,1,2,3
3786,3786,0,1,2,3
3787,3787,0,1,2,3
3788,3788,0,1,2,3
3789,3789,0,1,2,3
3790,3790,0,1,2,3
3791,3791,0,1,2,3
3792,3792,0,1,2,3
3793,3793,0,1,2,3
3794,3794,0,1,2,3
3795,3795,0,1,2,3
3796,3796,0,1,2,3
3797,3797,0,1,2,3
3798,3798,0,1,2,3
3799,3799,0,1,2,3
3800,3800,0,1,2,3
3801,3801,0,1,2,3
3802,3802,0,1,2,3
3803,3803,0,1,2,3
3804,3804,0,1,2,3
3805,3805,0,1,2,3
3806,3806,0,1,2,3
3807,3807,0,1,2,3
3808,3808,0,1,2,3
3809,3809,0,1,2,3
3810,3810,0,1,2,3
3811,3811,0,1,2,3
3812,3812,0,1,2,3
3813,3813,0,1,2,3
3814,3814,0,1,2,3
3815,3815,0,1,2,3
3816,3816,0,1,2,3
3817,3817,0,1,2,3
3818,3818,0,1,2,3
3819,3819,0,1,2,3
3820,3820,0,1,2,3
3821,3821,0,1,2,3
3822,3822,0,1,2,3
3823,3823,0,1,2,3
3824,3824,0,1,2,3
3825,3825,0,1,2,3
3826,3826,0,1,2,3
3827,3827,0,1,2,3
3828,3828,0,1,2,3
3829,3829,0,1,2,3
3830,3830,0,1,2,3
3831,3831,0,1,2,3
3832,3832,0,1,2,3
3833,3833,0,1,2,3
3834,3834,0,1,2,3
3835,3835,0,1,2,3
3836,3836,0,1,2,3
3837,3837,0,1,2,3
3838,3838,0,1,2,3
3839,3839,0,1,2,3
3840,3840,0,1,2,3
3841,3841,0,1,2,3
3842,3842,0,1,2,3
3843,3843,0,1,2,3
3844,3844,0,1,2,3
3845,3845,0,1,2,3
3846,3846,0,1,2,3
3847,3847,0,1,2,3
3848,3848,0,1,2,3
3849,3849,0,1,2,3
3850,3850,0,1,2,3
3851,3851,0,1,2,3
3852,3852,0,1,2,3
3853,3853,0,1,2,3
3854,3854,0,1,2,3
3855,3855,0,1,2,3
3856,3856,0,1,2,3
3857,3857,0,1,2,3
3858,3858,0,1,2,3
3859,3859,0,1,2,3
3860,3860,0,1,2,3
3861,3861,0,1,2,3
3862,3862,0,1,2,3
3863,3863,0,1,2,3
3864,3864,0,1,2,3
3865,3865,0,1,2,3
3866,3866,0,1,2,3
3867,3867,0,1,2,3
3868,3868,0,1,2,3
3869,3869,0,1,2,3
3870,3870,0,1,2,3
3871,3871,0,1,2,3
3872,3872,0,1,2,3
3873,3873,0,1,2,3
3874,3874,0,1,2,3
3875,3875,0,1,2,3
3876,3876,0,1,2,3
3877,3877,0,1,2,3
3878,3878,0,1,2,3
3879,3879,0,1,2,3
3880,3880,0,1,2,3
3881,3881,0,1,2,3
3882,3882,0,1,2,3
3883,3883,0,1,2,3
3884,3884,0,1,2,3
3885,3885,0,1,2,3
3886,3886,0,1,2,3
3887,3887,0,1,2,3
3888,3888,0,1,2,3
3889,3889,0,1,2,3
3890,3890,0,1,2,3
3891,3891,0,1,2,3
3892,3892,0,1,2,3
3893,3893,0,1,2,3
3894,3894,0,1,2,3
3895,3895,0,1,2,3
3896,3896,0,1,2,3
3897,3897,0,1,2,3
3898,3898,0,1,2,3
3899,3899,0,1,2,3
3900,3900,0,1,2,3
3901,3901,0,1,2,3
3902,3902,0,1,2,3
3903,3903,0,1,2,3
3904,3904,0,1,2,3
3905,3905,0,1,2,3
3906,3906,0,1,2,3
3907,3907,0,1,2,3
3908,3908,0,1,2,3
3909,3909,0,1,2,3
3910,3910,0,1,2,3
3911,3911,0,1,2,3
3912,3912,0,1,2,3
3913,3913,0,1,2,3
3914,3914,0,1,2,3
3915,3915,0,1,2,3
3916,3916,0,1,2,3
3917,3917,0,1,2,3
3918,3918,0,1,2,3
3919,3919,0,1,2,3
3920,3920,0,1,2,3
3921,3921,0,1,2,3
3922,3922,0,1,2,3
3923,3923,0,1,2,3
3924,3924,0,1,2,3
3925,3925,0,1,2,3
3926,3926,0,1,2,3
3927,3927,0,1,2,3
3928,3928,0,1,2,3
3929,3929,0,1,2,3
3930,3930,0,1,2,3
3931,3931,0,1,2,3
3932,3932,0,1,2,3
3933,3933,0,1,2,3
3934,3934,0,1,2,3
3935,3935,0,1,2,3
3936,3936,0,1,2,3
3937,3937,0,1,2,3
3938,3938,0,1,2,3
3939,3939,0,1,2,3
3940,3940,0,1,2,3
3941,3941,0,1,2,3
3942,3942,0,1,2,3
3943,3943,0,1,2,3
3944,3944,0,1,2,3
3945,3945,0,1,2,3
3946,3946,0,1,2,3
3947,3947,0,1,2,3
3948,3948,0,1,2,3
3949,3949,0,1,2,3
3950,3950,0,1,2,3
3951,3951,0,1,2,3
3952,3952,0,1,2,3
3953,3953,0,1,2,3
3954,3954,0,1,2,3
3955,3955,0,1,2,3
3956,3956,0,1,2,3
3957,3957,0,1,2,3
3958,3958,0,1,2,3
3959,3959,0,1,2,3
3960,3960,0,1,2,3
3961,3961,0,1,2,3
3962,3962,0,1,2,3
3963,3963,0,1,2,3
3964,3964,0,1,2,3
3965,3965,0,1,2,3
3966,3966,0,1,2,3
3967,3967,0,1,2,3
3968,3968,0,1,2,3
3969,3969,0,1,2,3
3970,3970,0,1,2,3
3971,3971,0,1,2,3
3972,3972,0,1,2,3
3973,3973,0,1,2,3
3974,3974,0,1,2,3
3975,3975,0,1,2,3
3976,3976,0,1,2,3
3977,3977,0,1,2,3
3978,3978,0,1,2,3
3979,3979,0,1,2,3
3980,3980,0,1,2,3
3981,3981,0,1,2,3
3982,3982,0,1,2,3
3983,3983,0,1,2,3
3984,3984,0,1,2,3
3985,3985,0,1,2,3
3986,3986,0,1,2,3
3987,3987,0,1,2,3
3988,3988,0,1,2,3
3989,3989,0,1,2,3
3990,3990,0,1,2,3
3991,3991,0,1,2,3
3992,3992,0,1,2,3
3993,3993,0,1,2,3
3994,3994,0,1,2,3
3995,3995,0,1,2,3
3996,3996,0,1,2,3
3997,3997,0,1,2,3
3998,3998,0,1,2,3
3999,3999,0,1,2,3
4000,4000,0,1,2,3
4001,4001,0,1,2,3
4002,4002,0,1,2,3
4003,4003,0,1,2,3
4004,4004,0,1,2,3
4005,4005,0,1,2,3
4006,4006,0,1,2,3
4007,4007,0,1,2,3
4008,4008,0,1,2,3
4009,4009,0,1,2,3
4010,4010,0,1,2,3
4011,4011,0,1,2,3
4012,4012,0,1,2,3
4013,4013,0,1,2,3
4014,4014,0,1,2,3
4015,4015,0,1,2,3
4016,4016,0,1,2,3
4017,4017,0,1,2,3
4018,4018,0,1,2,3
4019,4019,0,1,2,3
4020,4020,0,1,2,3
4021,4021,0,1,2,3
4022,4022,0,1,2,3
4023,4023,0,1,2,3
4024,4024,0,1,2,3
4025,4025,0,1,2,3
4026,4026,0,1,2,3
4027,4027,0,1,2,3
4028,4028,0,1,2,3
4029,4029,0,1,2,3
4030,4030,0,1,2,3
4031,4031,0,1,2,3
4032,4032,0,1,2,3
4033,4033,0,1,2,3
4034,4034,0,1,2,3
4035,4035,0,1,2,3
4036,4036,0,1,2,3
4037,4037,0,1,2,3
4038,4038,0,1,2,3
4039,4039,0,1,2,3
4040,4040,0,1,2,3
4041,4041,0,1,2,3
4042,4042,0,1,2,3
4043,4043,0,1,2,3
4044,4044,0,1,2,3
4045,4045,0,1,2,3
4046,4046,0,1,2,3
4047,4047,0,1,2,3
4048,4048,0,1,2,3
4049,4049,0,1,2,3
4050,4050,0,1,2,3
4051,4051,0,1,2,3
4052,4052,0,1,2,3
4053,4053,0,1,2,3
4054,4054,0,1,2,3
4055,4055,0,1,2,3
4056,4056,0,1,2,3
4057,4057,0,1,2,3
4058,4058,0,1,2,3
4059,4059,0,1,2,3
4060,4060,0,1,2,3
4061,4061,0,1,2,3
4062,4062,0,1,2,3
4063,4063,0,1,2,3
4064,4064,0,1,2,3
4065,4065,0,1,2,3
4066,4066,0,1,2,3
4067,4067,0,1,2,3
4068,4068,0,1,2,3
4069,4069,0,1,2,3
4070,4070,0,1,2,3
4071,4071,0,1,2,3
4072,4072,0,1,2,3
4073,4073,0,1,2,3
4074,4074,0,1,2,3
4075,4075,0,1,2,3
4076,4076,0,1,2,3
4077,4077,0,1,2,3
4078,4078,0,1,2,3
4079,4079,0,1,2,3
4080,4080,0,1,2,3
4081,4081,0,1,2,3
4082,4082,0,1,2,3
4083,4083,0,1,2,3
4084,4084,0,1,2,3
4085,4085,0,1,2,3
4086,4086,0,1,2,3
4087,4087,0,1,2,3
4088,4088,0,1,2,3
4089,4089,0,1,2,3
4090,4090,0,1,2,3
4091,4091,0,1,2,3
4092,4092,0,1,2,3
4093,4093,0,1,2,3
4094,4094,0,1,2,3
4095,4095,0,1,2,3
